section_id,term_id,school_id,program_id,course_code,section_number,modality,capacity
SEC00001,2024FA,SCH01,PRG0101,0101-150,01,Online,29
SEC00002,2024FA,SCH01,PRG0101,0101-200,02,Online,28
SEC00003,2024FA,SCH01,PRG0102,0102-150,01,Hybrid,42
SEC00004,2024FA,SCH01,PRG0102,0102-200,02,Hybrid,38
SEC00005,2024FA,SCH01,PRG0103,0103-150,01,In Person,39
SEC00006,2024FA,SCH01,PRG0103,0103-200,02,Online,35
SEC00007,2024FA,SCH02,PRG0201,0201-150,01,Online,26
SEC00008,2024FA,SCH02,PRG0201,0201-200,02,In Person,25
SEC00009,2024FA,SCH02,PRG0202,0202-150,01,In Person,29
SEC00010,2024FA,SCH02,PRG0202,0202-200,02,Hybrid,37
SEC00011,2024FA,SCH02,PRG0203,0203-150,01,Online,38
SEC00012,2024FA,SCH02,PRG0203,0203-200,02,Hybrid,26
SEC00013,2024FA,SCH03,PRG0301,0301-150,01,Online,36
SEC00014,2024FA,SCH03,PRG0301,0301-200,02,Online,35
SEC00015,2024FA,SCH03,PRG0302,0302-150,01,Hybrid,26
SEC00016,2024FA,SCH03,PRG0302,0302-200,02,Hybrid,33
SEC00017,2024FA,SCH03,PRG0303,0303-150,01,Online,30
SEC00018,2024FA,SCH03,PRG0303,0303-200,02,Hybrid,28
SEC00019,2024FA,SCH04,PRG0401,0401-150,01,Hybrid,39
SEC00020,2024FA,SCH04,PRG0401,0401-200,02,Hybrid,35
SEC00021,2024FA,SCH04,PRG0402,0402-150,01,Online,37
SEC00022,2024FA,SCH04,PRG0402,0402-200,02,Online,40
SEC00023,2024FA,SCH04,PRG0403,0403-150,01,In Person,36
SEC00024,2024FA,SCH04,PRG0403,0403-200,02,In Person,24
SEC00025,2024FA,SCH05,PRG0501,0501-150,01,In Person,30
SEC00026,2024FA,SCH05,PRG0501,0501-200,02,Online,41
SEC00027,2024FA,SCH05,PRG0502,0502-150,01,In Person,32
SEC00028,2024FA,SCH05,PRG0502,0502-200,02,Online,25
SEC00029,2024FA,SCH05,PRG0503,0503-150,01,In Person,27
SEC00030,2024FA,SCH05,PRG0503,0503-200,02,In Person,33
SEC00031,2024FA,SCH06,PRG0601,0601-150,01,Online,36
SEC00032,2024FA,SCH06,PRG0601,0601-200,02,Hybrid,31
SEC00033,2024FA,SCH06,PRG0602,0602-150,01,Hybrid,41
SEC00034,2024FA,SCH06,PRG0602,0602-200,02,In Person,35
SEC00035,2024FA,SCH06,PRG0603,0603-150,01,Hybrid,39
SEC00036,2024FA,SCH06,PRG0603,0603-200,02,In Person,24
SEC00037,2024FA,SCH07,PRG0701,0701-150,01,Hybrid,41
SEC00038,2024FA,SCH07,PRG0701,0701-200,02,In Person,42
SEC00039,2024FA,SCH07,PRG0702,0702-150,01,Online,26
SEC00040,2024FA,SCH07,PRG0702,0702-200,02,In Person,26
SEC00041,2024FA,SCH07,PRG0703,0703-150,01,In Person,39
SEC00042,2024FA,SCH07,PRG0703,0703-200,02,Online,38
SEC00043,2024FA,SCH08,PRG0801,0801-150,01,In Person,29
SEC00044,2024FA,SCH08,PRG0801,0801-200,02,Online,28
SEC00045,2024FA,SCH08,PRG0802,0802-150,01,Hybrid,40
SEC00046,2024FA,SCH08,PRG0802,0802-200,02,Hybrid,36
SEC00047,2024FA,SCH08,PRG0803,0803-150,01,Online,42
SEC00048,2024FA,SCH08,PRG0803,0803-200,02,In Person,38
SEC00049,2024FA,SCH09,PRG0901,0901-150,01,In Person,31
SEC00050,2024FA,SCH09,PRG0901,0901-200,02,Online,26
SEC00051,2024FA,SCH09,PRG0902,0902-150,01,Hybrid,31
SEC00052,2024FA,SCH09,PRG0902,0902-200,02,Online,35
SEC00053,2024FA,SCH09,PRG0903,0903-150,01,In Person,37
SEC00054,2024FA,SCH09,PRG0903,0903-200,02,Hybrid,35
SEC00055,2024FA,SCH10,PRG1001,1001-150,01,Hybrid,40
SEC00056,2024FA,SCH10,PRG1001,1001-200,02,Hybrid,40
SEC00057,2024FA,SCH10,PRG1002,1002-150,01,Hybrid,35
SEC00058,2024FA,SCH10,PRG1002,1002-200,02,Online,35
SEC00059,2024FA,SCH10,PRG1003,1003-150,01,In Person,28
SEC00060,2024FA,SCH10,PRG1003,1003-200,02,In Person,24
SEC00061,2024FA,SCH11,PRG1101,1101-150,01,In Person,27
SEC00062,2024FA,SCH11,PRG1101,1101-200,02,In Person,29
SEC00063,2024FA,SCH11,PRG1102,1102-150,01,Hybrid,42
SEC00064,2024FA,SCH11,PRG1102,1102-200,02,Hybrid,38
SEC00065,2024FA,SCH11,PRG1103,1103-150,01,Hybrid,24
SEC00066,2024FA,SCH11,PRG1103,1103-200,02,Online,27
SEC00067,2024FA,SCH12,PRG1201,1201-150,01,In Person,32
SEC00068,2024FA,SCH12,PRG1201,1201-200,02,Hybrid,24
SEC00069,2024FA,SCH12,PRG1202,1202-150,01,In Person,30
SEC00070,2024FA,SCH12,PRG1202,1202-200,02,Online,24
SEC00071,2024FA,SCH12,PRG1203,1203-150,01,In Person,26
SEC00072,2024FA,SCH12,PRG1203,1203-200,02,Hybrid,42
SEC00073,2025WI,SCH01,PRG0101,0101-150,01,Online,30
SEC00074,2025WI,SCH01,PRG0101,0101-200,02,In Person,32
SEC00075,2025WI,SCH01,PRG0102,0102-150,01,Hybrid,25
SEC00076,2025WI,SCH01,PRG0102,0102-200,02,Online,25
SEC00077,2025WI,SCH01,PRG0103,0103-150,01,In Person,40
SEC00078,2025WI,SCH01,PRG0103,0103-200,02,Online,35
SEC00079,2025WI,SCH02,PRG0201,0201-150,01,Online,26
SEC00080,2025WI,SCH02,PRG0201,0201-200,02,Hybrid,32
SEC00081,2025WI,SCH02,PRG0202,0202-150,01,Hybrid,31
SEC00082,2025WI,SCH02,PRG0202,0202-200,02,In Person,42
SEC00083,2025WI,SCH02,PRG0203,0203-150,01,Online,41
SEC00084,2025WI,SCH02,PRG0203,0203-200,02,Online,28
SEC00085,2025WI,SCH03,PRG0301,0301-150,01,Hybrid,41
SEC00086,2025WI,SCH03,PRG0301,0301-200,02,Hybrid,31
SEC00087,2025WI,SCH03,PRG0302,0302-150,01,In Person,41
SEC00088,2025WI,SCH03,PRG0302,0302-200,02,In Person,39
SEC00089,2025WI,SCH03,PRG0303,0303-150,01,Hybrid,29
SEC00090,2025WI,SCH03,PRG0303,0303-200,02,Online,24
SEC00091,2025WI,SCH04,PRG0401,0401-150,01,Online,25
SEC00092,2025WI,SCH04,PRG0401,0401-200,02,Hybrid,27
SEC00093,2025WI,SCH04,PRG0402,0402-150,01,Hybrid,38
SEC00094,2025WI,SCH04,PRG0402,0402-200,02,In Person,34
SEC00095,2025WI,SCH04,PRG0403,0403-150,01,In Person,35
SEC00096,2025WI,SCH04,PRG0403,0403-200,02,In Person,41
SEC00097,2025WI,SCH05,PRG0501,0501-150,01,Online,27
SEC00098,2025WI,SCH05,PRG0501,0501-200,02,Hybrid,39
SEC00099,2025WI,SCH05,PRG0502,0502-150,01,Online,41
SEC00100,2025WI,SCH05,PRG0502,0502-200,02,Hybrid,33
SEC00101,2025WI,SCH05,PRG0503,0503-150,01,In Person,24
SEC00102,2025WI,SCH05,PRG0503,0503-200,02,Hybrid,35
SEC00103,2025WI,SCH06,PRG0601,0601-150,01,Hybrid,36
SEC00104,2025WI,SCH06,PRG0601,0601-200,02,Hybrid,40
SEC00105,2025WI,SCH06,PRG0602,0602-150,01,Hybrid,25
SEC00106,2025WI,SCH06,PRG0602,0602-200,02,Hybrid,36
SEC00107,2025WI,SCH06,PRG0603,0603-150,01,In Person,31
SEC00108,2025WI,SCH06,PRG0603,0603-200,02,In Person,32
SEC00109,2025WI,SCH07,PRG0701,0701-150,01,Online,28
SEC00110,2025WI,SCH07,PRG0701,0701-200,02,Hybrid,28
SEC00111,2025WI,SCH07,PRG0702,0702-150,01,In Person,26
SEC00112,2025WI,SCH07,PRG0702,0702-200,02,Online,40
SEC00113,2025WI,SCH07,PRG0703,0703-150,01,Hybrid,26
SEC00114,2025WI,SCH07,PRG0703,0703-200,02,Hybrid,26
SEC00115,2025WI,SCH08,PRG0801,0801-150,01,Online,28
SEC00116,2025WI,SCH08,PRG0801,0801-200,02,Online,34
SEC00117,2025WI,SCH08,PRG0802,0802-150,01,Hybrid,37
SEC00118,2025WI,SCH08,PRG0802,0802-200,02,Online,38
SEC00119,2025WI,SCH08,PRG0803,0803-150,01,Hybrid,28
SEC00120,2025WI,SCH08,PRG0803,0803-200,02,Hybrid,36
SEC00121,2025WI,SCH09,PRG0901,0901-150,01,In Person,29
SEC00122,2025WI,SCH09,PRG0901,0901-200,02,Online,40
SEC00123,2025WI,SCH09,PRG0902,0902-150,01,Hybrid,34
SEC00124,2025WI,SCH09,PRG0902,0902-200,02,Online,42
SEC00125,2025WI,SCH09,PRG0903,0903-150,01,In Person,41
SEC00126,2025WI,SCH09,PRG0903,0903-200,02,Hybrid,33
SEC00127,2025WI,SCH10,PRG1001,1001-150,01,Hybrid,42
SEC00128,2025WI,SCH10,PRG1001,1001-200,02,In Person,38
SEC00129,2025WI,SCH10,PRG1002,1002-150,01,In Person,25
SEC00130,2025WI,SCH10,PRG1002,1002-200,02,Hybrid,26
SEC00131,2025WI,SCH10,PRG1003,1003-150,01,In Person,36
SEC00132,2025WI,SCH10,PRG1003,1003-200,02,Hybrid,37
SEC00133,2025WI,SCH11,PRG1101,1101-150,01,Online,31
SEC00134,2025WI,SCH11,PRG1101,1101-200,02,Hybrid,41
SEC00135,2025WI,SCH11,PRG1102,1102-150,01,In Person,24
SEC00136,2025WI,SCH11,PRG1102,1102-200,02,Online,29
SEC00137,2025WI,SCH11,PRG1103,1103-150,01,In Person,37
SEC00138,2025WI,SCH11,PRG1103,1103-200,02,Online,24
SEC00139,2025WI,SCH12,PRG1201,1201-150,01,Hybrid,42
SEC00140,2025WI,SCH12,PRG1201,1201-200,02,Online,37
SEC00141,2025WI,SCH12,PRG1202,1202-150,01,In Person,25
SEC00142,2025WI,SCH12,PRG1202,1202-200,02,Online,41
SEC00143,2025WI,SCH12,PRG1203,1203-150,01,In Person,36
SEC00144,2025WI,SCH12,PRG1203,1203-200,02,Online,28
SEC00145,2025SU,SCH01,PRG0101,0101-150,01,Hybrid,42
SEC00146,2025SU,SCH01,PRG0101,0101-200,02,Online,39
SEC00147,2025SU,SCH01,PRG0102,0102-150,01,In Person,36
SEC00148,2025SU,SCH01,PRG0102,0102-200,02,Hybrid,26
SEC00149,2025SU,SCH01,PRG0103,0103-150,01,Online,25
SEC00150,2025SU,SCH01,PRG0103,0103-200,02,Online,40
SEC00151,2025SU,SCH02,PRG0201,0201-150,01,Hybrid,30
SEC00152,2025SU,SCH02,PRG0201,0201-200,02,Hybrid,27
SEC00153,2025SU,SCH02,PRG0202,0202-150,01,Hybrid,29
SEC00154,2025SU,SCH02,PRG0202,0202-200,02,Online,35
SEC00155,2025SU,SCH02,PRG0203,0203-150,01,Hybrid,27
SEC00156,2025SU,SCH02,PRG0203,0203-200,02,Online,24
SEC00157,2025SU,SCH03,PRG0301,0301-150,01,Hybrid,27
SEC00158,2025SU,SCH03,PRG0301,0301-200,02,Hybrid,40
SEC00159,2025SU,SCH03,PRG0302,0302-150,01,Online,32
SEC00160,2025SU,SCH03,PRG0302,0302-200,02,In Person,31
SEC00161,2025SU,SCH03,PRG0303,0303-150,01,Hybrid,25
SEC00162,2025SU,SCH03,PRG0303,0303-200,02,In Person,32
SEC00163,2025SU,SCH04,PRG0401,0401-150,01,In Person,40
SEC00164,2025SU,SCH04,PRG0401,0401-200,02,Online,41
SEC00165,2025SU,SCH04,PRG0402,0402-150,01,In Person,25
SEC00166,2025SU,SCH04,PRG0402,0402-200,02,In Person,34
SEC00167,2025SU,SCH04,PRG0403,0403-150,01,Hybrid,39
SEC00168,2025SU,SCH04,PRG0403,0403-200,02,Online,38
SEC00169,2025SU,SCH05,PRG0501,0501-150,01,Online,28
SEC00170,2025SU,SCH05,PRG0501,0501-200,02,Online,34
SEC00171,2025SU,SCH05,PRG0502,0502-150,01,Hybrid,38
SEC00172,2025SU,SCH05,PRG0502,0502-200,02,Online,28
SEC00173,2025SU,SCH05,PRG0503,0503-150,01,Online,26
SEC00174,2025SU,SCH05,PRG0503,0503-200,02,Online,41
SEC00175,2025SU,SCH06,PRG0601,0601-150,01,Hybrid,24
SEC00176,2025SU,SCH06,PRG0601,0601-200,02,Hybrid,36
SEC00177,2025SU,SCH06,PRG0602,0602-150,01,Online,24
SEC00178,2025SU,SCH06,PRG0602,0602-200,02,In Person,33
SEC00179,2025SU,SCH06,PRG0603,0603-150,01,Hybrid,38
SEC00180,2025SU,SCH06,PRG0603,0603-200,02,Online,34
SEC00181,2025SU,SCH07,PRG0701,0701-150,01,Hybrid,40
SEC00182,2025SU,SCH07,PRG0701,0701-200,02,Hybrid,41
SEC00183,2025SU,SCH07,PRG0702,0702-150,01,Hybrid,36
SEC00184,2025SU,SCH07,PRG0702,0702-200,02,Hybrid,41
SEC00185,2025SU,SCH07,PRG0703,0703-150,01,In Person,36
SEC00186,2025SU,SCH07,PRG0703,0703-200,02,In Person,42
SEC00187,2025SU,SCH08,PRG0801,0801-150,01,Hybrid,34
SEC00188,2025SU,SCH08,PRG0801,0801-200,02,Online,41
SEC00189,2025SU,SCH08,PRG0802,0802-150,01,Hybrid,40
SEC00190,2025SU,SCH08,PRG0802,0802-200,02,Hybrid,29
SEC00191,2025SU,SCH08,PRG0803,0803-150,01,Online,36
SEC00192,2025SU,SCH08,PRG0803,0803-200,02,Online,30
SEC00193,2025SU,SCH09,PRG0901,0901-150,01,Online,30
SEC00194,2025SU,SCH09,PRG0901,0901-200,02,Hybrid,25
SEC00195,2025SU,SCH09,PRG0902,0902-150,01,Hybrid,24
SEC00196,2025SU,SCH09,PRG0902,0902-200,02,In Person,34
SEC00197,2025SU,SCH09,PRG0903,0903-150,01,In Person,31
SEC00198,2025SU,SCH09,PRG0903,0903-200,02,In Person,27
SEC00199,2025SU,SCH10,PRG1001,1001-150,01,Hybrid,37
SEC00200,2025SU,SCH10,PRG1001,1001-200,02,Hybrid,40
SEC00201,2025SU,SCH10,PRG1002,1002-150,01,Online,37
SEC00202,2025SU,SCH10,PRG1002,1002-200,02,Hybrid,33
SEC00203,2025SU,SCH10,PRG1003,1003-150,01,Hybrid,40
SEC00204,2025SU,SCH10,PRG1003,1003-200,02,Online,31
SEC00205,2025SU,SCH11,PRG1101,1101-150,01,Hybrid,27
SEC00206,2025SU,SCH11,PRG1101,1101-200,02,In Person,37
SEC00207,2025SU,SCH11,PRG1102,1102-150,01,Hybrid,27
SEC00208,2025SU,SCH11,PRG1102,1102-200,02,Hybrid,37
SEC00209,2025SU,SCH11,PRG1103,1103-150,01,Online,36
SEC00210,2025SU,SCH11,PRG1103,1103-200,02,Hybrid,29
SEC00211,2025SU,SCH12,PRG1201,1201-150,01,Hybrid,36
SEC00212,2025SU,SCH12,PRG1201,1201-200,02,In Person,30
SEC00213,2025SU,SCH12,PRG1202,1202-150,01,Hybrid,34
SEC00214,2025SU,SCH12,PRG1202,1202-200,02,In Person,32
SEC00215,2025SU,SCH12,PRG1203,1203-150,01,Online,28
SEC00216,2025SU,SCH12,PRG1203,1203-200,02,Hybrid,26
SEC00217,2025FA,SCH01,PRG0101,0101-150,01,In Person,41
SEC00218,2025FA,SCH01,PRG0101,0101-200,02,Online,36
SEC00219,2025FA,SCH01,PRG0102,0102-150,01,Online,38
SEC00220,2025FA,SCH01,PRG0102,0102-200,02,Online,25
SEC00221,2025FA,SCH01,PRG0103,0103-150,01,Online,27
SEC00222,2025FA,SCH01,PRG0103,0103-200,02,Online,38
SEC00223,2025FA,SCH02,PRG0201,0201-150,01,Hybrid,30
SEC00224,2025FA,SCH02,PRG0201,0201-200,02,Hybrid,41
SEC00225,2025FA,SCH02,PRG0202,0202-150,01,Hybrid,39
SEC00226,2025FA,SCH02,PRG0202,0202-200,02,In Person,31
SEC00227,2025FA,SCH02,PRG0203,0203-150,01,Online,25
SEC00228,2025FA,SCH02,PRG0203,0203-200,02,Online,35
SEC00229,2025FA,SCH03,PRG0301,0301-150,01,Hybrid,42
SEC00230,2025FA,SCH03,PRG0301,0301-200,02,Hybrid,30
SEC00231,2025FA,SCH03,PRG0302,0302-150,01,Hybrid,29
SEC00232,2025FA,SCH03,PRG0302,0302-200,02,Online,37
SEC00233,2025FA,SCH03,PRG0303,0303-150,01,In Person,26
SEC00234,2025FA,SCH03,PRG0303,0303-200,02,Online,28
SEC00235,2025FA,SCH04,PRG0401,0401-150,01,In Person,34
SEC00236,2025FA,SCH04,PRG0401,0401-200,02,In Person,34
SEC00237,2025FA,SCH04,PRG0402,0402-150,01,In Person,26
SEC00238,2025FA,SCH04,PRG0402,0402-200,02,Hybrid,30
SEC00239,2025FA,SCH04,PRG0403,0403-150,01,Hybrid,41
SEC00240,2025FA,SCH04,PRG0403,0403-200,02,Online,37
SEC00241,2025FA,SCH05,PRG0501,0501-150,01,Hybrid,42
SEC00242,2025FA,SCH05,PRG0501,0501-200,02,Online,41
SEC00243,2025FA,SCH05,PRG0502,0502-150,01,In Person,29
SEC00244,2025FA,SCH05,PRG0502,0502-200,02,Hybrid,38
SEC00245,2025FA,SCH05,PRG0503,0503-150,01,In Person,42
SEC00246,2025FA,SCH05,PRG0503,0503-200,02,In Person,24
SEC00247,2025FA,SCH06,PRG0601,0601-150,01,Hybrid,41
SEC00248,2025FA,SCH06,PRG0601,0601-200,02,Online,34
SEC00249,2025FA,SCH06,PRG0602,0602-150,01,Hybrid,30
SEC00250,2025FA,SCH06,PRG0602,0602-200,02,Online,33
SEC00251,2025FA,SCH06,PRG0603,0603-150,01,Hybrid,33
SEC00252,2025FA,SCH06,PRG0603,0603-200,02,Online,35
SEC00253,2025FA,SCH07,PRG0701,0701-150,01,In Person,26
SEC00254,2025FA,SCH07,PRG0701,0701-200,02,In Person,25
SEC00255,2025FA,SCH07,PRG0702,0702-150,01,In Person,25
SEC00256,2025FA,SCH07,PRG0702,0702-200,02,In Person,36
SEC00257,2025FA,SCH07,PRG0703,0703-150,01,Hybrid,31
SEC00258,2025FA,SCH07,PRG0703,0703-200,02,In Person,28
SEC00259,2025FA,SCH08,PRG0801,0801-150,01,In Person,36
SEC00260,2025FA,SCH08,PRG0801,0801-200,02,Online,28
SEC00261,2025FA,SCH08,PRG0802,0802-150,01,Online,38
SEC00262,2025FA,SCH08,PRG0802,0802-200,02,Hybrid,24
SEC00263,2025FA,SCH08,PRG0803,0803-150,01,Online,37
SEC00264,2025FA,SCH08,PRG0803,0803-200,02,In Person,32
SEC00265,2025FA,SCH09,PRG0901,0901-150,01,In Person,40
SEC00266,2025FA,SCH09,PRG0901,0901-200,02,In Person,42
SEC00267,2025FA,SCH09,PRG0902,0902-150,01,In Person,37
SEC00268,2025FA,SCH09,PRG0902,0902-200,02,Hybrid,25
SEC00269,2025FA,SCH09,PRG0903,0903-150,01,Hybrid,42
SEC00270,2025FA,SCH09,PRG0903,0903-200,02,Hybrid,42
SEC00271,2025FA,SCH10,PRG1001,1001-150,01,Hybrid,41
SEC00272,2025FA,SCH10,PRG1001,1001-200,02,In Person,30
SEC00273,2025FA,SCH10,PRG1002,1002-150,01,Hybrid,25
SEC00274,2025FA,SCH10,PRG1002,1002-200,02,In Person,34
SEC00275,2025FA,SCH10,PRG1003,1003-150,01,Hybrid,34
SEC00276,2025FA,SCH10,PRG1003,1003-200,02,In Person,25
SEC00277,2025FA,SCH11,PRG1101,1101-150,01,Online,29
SEC00278,2025FA,SCH11,PRG1101,1101-200,02,Hybrid,24
SEC00279,2025FA,SCH11,PRG1102,1102-150,01,Hybrid,29
SEC00280,2025FA,SCH11,PRG1102,1102-200,02,Hybrid,39
SEC00281,2025FA,SCH11,PRG1103,1103-150,01,In Person,42
SEC00282,2025FA,SCH11,PRG1103,1103-200,02,Online,39
SEC00283,2025FA,SCH12,PRG1201,1201-150,01,Online,40
SEC00284,2025FA,SCH12,PRG1201,1201-200,02,Online,29
SEC00285,2025FA,SCH12,PRG1202,1202-150,01,In Person,32
SEC00286,2025FA,SCH12,PRG1202,1202-200,02,Online,28
SEC00287,2025FA,SCH12,PRG1203,1203-150,01,In Person,30
SEC00288,2025FA,SCH12,PRG1203,1203-200,02,In Person,24
SEC00289,2026WI,SCH01,PRG0101,0101-150,01,Online,33
SEC00290,2026WI,SCH01,PRG0101,0101-200,02,In Person,31
SEC00291,2026WI,SCH01,PRG0102,0102-150,01,In Person,31
SEC00292,2026WI,SCH01,PRG0102,0102-200,02,In Person,34
SEC00293,2026WI,SCH01,PRG0103,0103-150,01,In Person,38
SEC00294,2026WI,SCH01,PRG0103,0103-200,02,Online,40
SEC00295,2026WI,SCH02,PRG0201,0201-150,01,Online,38
SEC00296,2026WI,SCH02,PRG0201,0201-200,02,Hybrid,34
SEC00297,2026WI,SCH02,PRG0202,0202-150,01,In Person,24
SEC00298,2026WI,SCH02,PRG0202,0202-200,02,In Person,39
SEC00299,2026WI,SCH02,PRG0203,0203-150,01,Hybrid,26
SEC00300,2026WI,SCH02,PRG0203,0203-200,02,Hybrid,35
SEC00301,2026WI,SCH03,PRG0301,0301-150,01,In Person,36
SEC00302,2026WI,SCH03,PRG0301,0301-200,02,In Person,33
SEC00303,2026WI,SCH03,PRG0302,0302-150,01,In Person,33
SEC00304,2026WI,SCH03,PRG0302,0302-200,02,In Person,34
SEC00305,2026WI,SCH03,PRG0303,0303-150,01,In Person,24
SEC00306,2026WI,SCH03,PRG0303,0303-200,02,Online,24
SEC00307,2026WI,SCH04,PRG0401,0401-150,01,In Person,37
SEC00308,2026WI,SCH04,PRG0401,0401-200,02,In Person,37
SEC00309,2026WI,SCH04,PRG0402,0402-150,01,Hybrid,29
SEC00310,2026WI,SCH04,PRG0402,0402-200,02,Hybrid,34
SEC00311,2026WI,SCH04,PRG0403,0403-150,01,Hybrid,27
SEC00312,2026WI,SCH04,PRG0403,0403-200,02,Online,31
SEC00313,2026WI,SCH05,PRG0501,0501-150,01,Hybrid,37
SEC00314,2026WI,SCH05,PRG0501,0501-200,02,Hybrid,34
SEC00315,2026WI,SCH05,PRG0502,0502-150,01,Online,27
SEC00316,2026WI,SCH05,PRG0502,0502-200,02,Online,33
SEC00317,2026WI,SCH05,PRG0503,0503-150,01,Online,27
SEC00318,2026WI,SCH05,PRG0503,0503-200,02,Hybrid,27
SEC00319,2026WI,SCH06,PRG0601,0601-150,01,Hybrid,34
SEC00320,2026WI,SCH06,PRG0601,0601-200,02,In Person,40
SEC00321,2026WI,SCH06,PRG0602,0602-150,01,Hybrid,40
SEC00322,2026WI,SCH06,PRG0602,0602-200,02,Online,24
SEC00323,2026WI,SCH06,PRG0603,0603-150,01,Online,37
SEC00324,2026WI,SCH06,PRG0603,0603-200,02,Hybrid,28
SEC00325,2026WI,SCH07,PRG0701,0701-150,01,In Person,36
SEC00326,2026WI,SCH07,PRG0701,0701-200,02,In Person,25
SEC00327,2026WI,SCH07,PRG0702,0702-150,01,In Person,30
SEC00328,2026WI,SCH07,PRG0702,0702-200,02,In Person,32
SEC00329,2026WI,SCH07,PRG0703,0703-150,01,In Person,40
SEC00330,2026WI,SCH07,PRG0703,0703-200,02,Online,38
SEC00331,2026WI,SCH08,PRG0801,0801-150,01,Online,33
SEC00332,2026WI,SCH08,PRG0801,0801-200,02,In Person,27
SEC00333,2026WI,SCH08,PRG0802,0802-150,01,Online,29
SEC00334,2026WI,SCH08,PRG0802,0802-200,02,Online,42
SEC00335,2026WI,SCH08,PRG0803,0803-150,01,Hybrid,24
SEC00336,2026WI,SCH08,PRG0803,0803-200,02,Online,38
SEC00337,2026WI,SCH09,PRG0901,0901-150,01,Online,41
SEC00338,2026WI,SCH09,PRG0901,0901-200,02,In Person,32
SEC00339,2026WI,SCH09,PRG0902,0902-150,01,Hybrid,37
SEC00340,2026WI,SCH09,PRG0902,0902-200,02,In Person,27
SEC00341,2026WI,SCH09,PRG0903,0903-150,01,Hybrid,42
SEC00342,2026WI,SCH09,PRG0903,0903-200,02,In Person,34
SEC00343,2026WI,SCH10,PRG1001,1001-150,01,Online,26
SEC00344,2026WI,SCH10,PRG1001,1001-200,02,Hybrid,32
SEC00345,2026WI,SCH10,PRG1002,1002-150,01,Online,35
SEC00346,2026WI,SCH10,PRG1002,1002-200,02,Hybrid,29
SEC00347,2026WI,SCH10,PRG1003,1003-150,01,Online,34
SEC00348,2026WI,SCH10,PRG1003,1003-200,02,Online,34
SEC00349,2026WI,SCH11,PRG1101,1101-150,01,Online,34
SEC00350,2026WI,SCH11,PRG1101,1101-200,02,Online,25
SEC00351,2026WI,SCH11,PRG1102,1102-150,01,Online,32
SEC00352,2026WI,SCH11,PRG1102,1102-200,02,Online,41
SEC00353,2026WI,SCH11,PRG1103,1103-150,01,Hybrid,33
SEC00354,2026WI,SCH11,PRG1103,1103-200,02,In Person,38
SEC00355,2026WI,SCH12,PRG1201,1201-150,01,Online,25
SEC00356,2026WI,SCH12,PRG1201,1201-200,02,Hybrid,30
SEC00357,2026WI,SCH12,PRG1202,1202-150,01,In Person,38
SEC00358,2026WI,SCH12,PRG1202,1202-200,02,Hybrid,33
SEC00359,2026WI,SCH12,PRG1203,1203-150,01,Hybrid,41
SEC00360,2026WI,SCH12,PRG1203,1203-200,02,Hybrid,28
SEC00361,2026SU,SCH01,PRG0101,0101-150,01,In Person,29
SEC00362,2026SU,SCH01,PRG0101,0101-200,02,Online,26
SEC00363,2026SU,SCH01,PRG0102,0102-150,01,Hybrid,25
SEC00364,2026SU,SCH01,PRG0102,0102-200,02,In Person,32
SEC00365,2026SU,SCH01,PRG0103,0103-150,01,In Person,39
SEC00366,2026SU,SCH01,PRG0103,0103-200,02,Hybrid,29
SEC00367,2026SU,SCH02,PRG0201,0201-150,01,Online,26
SEC00368,2026SU,SCH02,PRG0201,0201-200,02,Online,33
SEC00369,2026SU,SCH02,PRG0202,0202-150,01,Online,41
SEC00370,2026SU,SCH02,PRG0202,0202-200,02,Hybrid,40
SEC00371,2026SU,SCH02,PRG0203,0203-150,01,Hybrid,34
SEC00372,2026SU,SCH02,PRG0203,0203-200,02,Hybrid,37
SEC00373,2026SU,SCH03,PRG0301,0301-150,01,In Person,42
SEC00374,2026SU,SCH03,PRG0301,0301-200,02,Hybrid,36
SEC00375,2026SU,SCH03,PRG0302,0302-150,01,In Person,28
SEC00376,2026SU,SCH03,PRG0302,0302-200,02,Online,25
SEC00377,2026SU,SCH03,PRG0303,0303-150,01,Hybrid,33
SEC00378,2026SU,SCH03,PRG0303,0303-200,02,Online,27
SEC00379,2026SU,SCH04,PRG0401,0401-150,01,In Person,24
SEC00380,2026SU,SCH04,PRG0401,0401-200,02,Hybrid,32
SEC00381,2026SU,SCH04,PRG0402,0402-150,01,Hybrid,27
SEC00382,2026SU,SCH04,PRG0402,0402-200,02,Hybrid,34
SEC00383,2026SU,SCH04,PRG0403,0403-150,01,Hybrid,34
SEC00384,2026SU,SCH04,PRG0403,0403-200,02,Online,41
SEC00385,2026SU,SCH05,PRG0501,0501-150,01,Online,42
SEC00386,2026SU,SCH05,PRG0501,0501-200,02,In Person,36
SEC00387,2026SU,SCH05,PRG0502,0502-150,01,In Person,35
SEC00388,2026SU,SCH05,PRG0502,0502-200,02,Online,42
SEC00389,2026SU,SCH05,PRG0503,0503-150,01,In Person,38
SEC00390,2026SU,SCH05,PRG0503,0503-200,02,Online,25
SEC00391,2026SU,SCH06,PRG0601,0601-150,01,Hybrid,26
SEC00392,2026SU,SCH06,PRG0601,0601-200,02,Hybrid,26
SEC00393,2026SU,SCH06,PRG0602,0602-150,01,Online,40
SEC00394,2026SU,SCH06,PRG0602,0602-200,02,In Person,24
SEC00395,2026SU,SCH06,PRG0603,0603-150,01,Hybrid,42
SEC00396,2026SU,SCH06,PRG0603,0603-200,02,Hybrid,30
SEC00397,2026SU,SCH07,PRG0701,0701-150,01,In Person,24
SEC00398,2026SU,SCH07,PRG0701,0701-200,02,In Person,34
SEC00399,2026SU,SCH07,PRG0702,0702-150,01,Hybrid,37
SEC00400,2026SU,SCH07,PRG0702,0702-200,02,Online,29
SEC00401,2026SU,SCH07,PRG0703,0703-150,01,In Person,36
SEC00402,2026SU,SCH07,PRG0703,0703-200,02,In Person,42
SEC00403,2026SU,SCH08,PRG0801,0801-150,01,Hybrid,35
SEC00404,2026SU,SCH08,PRG0801,0801-200,02,Online,29
SEC00405,2026SU,SCH08,PRG0802,0802-150,01,Hybrid,25
SEC00406,2026SU,SCH08,PRG0802,0802-200,02,Online,30
SEC00407,2026SU,SCH08,PRG0803,0803-150,01,In Person,31
SEC00408,2026SU,SCH08,PRG0803,0803-200,02,Hybrid,24
SEC00409,2026SU,SCH09,PRG0901,0901-150,01,Hybrid,28
SEC00410,2026SU,SCH09,PRG0901,0901-200,02,Hybrid,32
SEC00411,2026SU,SCH09,PRG0902,0902-150,01,Online,31
SEC00412,2026SU,SCH09,PRG0902,0902-200,02,Hybrid,37
SEC00413,2026SU,SCH09,PRG0903,0903-150,01,In Person,30
SEC00414,2026SU,SCH09,PRG0903,0903-200,02,Online,38
SEC00415,2026SU,SCH10,PRG1001,1001-150,01,In Person,26
SEC00416,2026SU,SCH10,PRG1001,1001-200,02,Online,32
SEC00417,2026SU,SCH10,PRG1002,1002-150,01,Hybrid,25
SEC00418,2026SU,SCH10,PRG1002,1002-200,02,Online,25
SEC00419,2026SU,SCH10,PRG1003,1003-150,01,In Person,30
SEC00420,2026SU,SCH10,PRG1003,1003-200,02,In Person,29
SEC00421,2026SU,SCH11,PRG1101,1101-150,01,In Person,27
SEC00422,2026SU,SCH11,PRG1101,1101-200,02,In Person,33
SEC00423,2026SU,SCH11,PRG1102,1102-150,01,Online,38
SEC00424,2026SU,SCH11,PRG1102,1102-200,02,In Person,26
SEC00425,2026SU,SCH11,PRG1103,1103-150,01,Online,26
SEC00426,2026SU,SCH11,PRG1103,1103-200,02,Online,36
SEC00427,2026SU,SCH12,PRG1201,1201-150,01,Hybrid,24
SEC00428,2026SU,SCH12,PRG1201,1201-200,02,In Person,36
SEC00429,2026SU,SCH12,PRG1202,1202-150,01,In Person,28
SEC00430,2026SU,SCH12,PRG1202,1202-200,02,In Person,34
SEC00431,2026SU,SCH12,PRG1203,1203-150,01,Online,37
SEC00432,2026SU,SCH12,PRG1203,1203-200,02,Online,33
