enrollment_id,student_id,term_id,school_id,program_id,census_enrolled_flag,ipeds_enrolled_flag,total_credit_hours,enrollment_status
ENR000001,STU00001,2025FA,SCH01,PRG0101,true,true,6.0,Enrolled
ENR000002,STU00001,2026SU,SCH01,PRG0101,true,true,6.0,Enrolled
ENR000003,STU00001,2026WI,SCH01,PRG0101,true,true,3.0,Enrolled
ENR000004,STU00002,2024FA,SCH01,PRG0102,true,true,6.0,Enrolled
ENR000005,STU00002,2025FA,SCH01,PRG0102,true,true,6.0,Enrolled
ENR000006,STU00002,2025SU,SCH01,PRG0102,true,true,6.0,Enrolled
ENR000007,STU00002,2025WI,SCH01,PRG0102,true,true,6.0,Enrolled
ENR000008,STU00002,2026SU,SCH01,PRG0102,true,true,6.0,Enrolled
ENR000009,STU00002,2026WI,SCH01,PRG0102,true,true,6.0,Enrolled
ENR000010,STU00003,2024FA,SCH01,PRG0103,true,true,6.0,Enrolled
ENR000011,STU00003,2025FA,SCH01,PRG0103,true,true,6.0,Enrolled
ENR000012,STU00003,2025SU,SCH01,PRG0103,true,true,6.0,Enrolled
ENR000013,STU00003,2025WI,SCH01,PRG0103,true,true,6.0,Enrolled
ENR000014,STU00003,2026SU,SCH01,PRG0103,true,true,6.0,Enrolled
ENR000015,STU00004,2024FA,SCH02,PRG0201,true,true,3.0,Enrolled
ENR000016,STU00004,2025FA,SCH02,PRG0201,true,true,6.0,Enrolled
ENR000017,STU00004,2025WI,SCH02,PRG0201,true,true,6.0,Enrolled
ENR000018,STU00004,2026SU,SCH02,PRG0201,true,true,6.0,Enrolled
ENR000019,STU00005,2024FA,SCH02,PRG0202,true,true,6.0,Enrolled
ENR000020,STU00005,2025FA,SCH02,PRG0202,true,true,6.0,Enrolled
ENR000021,STU00005,2025SU,SCH02,PRG0202,true,true,6.0,Enrolled
ENR000022,STU00005,2025WI,SCH02,PRG0202,true,true,6.0,Enrolled
ENR000023,STU00005,2026WI,SCH02,PRG0202,true,true,6.0,Enrolled
ENR000024,STU00006,2025FA,SCH02,PRG0203,true,true,6.0,Enrolled
ENR000025,STU00006,2025WI,SCH02,PRG0203,true,true,6.0,Enrolled
ENR000026,STU00006,2026SU,SCH02,PRG0203,true,true,6.0,Enrolled
ENR000027,STU00006,2026WI,SCH02,PRG0203,true,true,3.0,Enrolled
ENR000028,STU00007,2024FA,SCH03,PRG0301,true,true,6.0,Enrolled
ENR000029,STU00007,2025FA,SCH03,PRG0301,true,true,6.0,Enrolled
ENR000030,STU00007,2025SU,SCH03,PRG0301,true,true,6.0,Enrolled
ENR000031,STU00007,2025WI,SCH03,PRG0301,true,true,6.0,Enrolled
ENR000032,STU00007,2026SU,SCH03,PRG0301,true,true,6.0,Enrolled
ENR000033,STU00007,2026WI,SCH03,PRG0301,true,true,6.0,Enrolled
ENR000034,STU00008,2024FA,SCH03,PRG0302,true,true,6.0,Enrolled
ENR000035,STU00008,2025FA,SCH03,PRG0302,true,true,6.0,Enrolled
ENR000036,STU00008,2025SU,SCH03,PRG0302,true,true,6.0,Enrolled
ENR000037,STU00008,2026WI,SCH03,PRG0302,true,true,6.0,Enrolled
ENR000038,STU00009,2024FA,SCH03,PRG0303,true,true,6.0,Enrolled
ENR000039,STU00009,2025FA,SCH03,PRG0303,true,true,6.0,Enrolled
ENR000040,STU00009,2025SU,SCH03,PRG0303,true,true,6.0,Enrolled
ENR000041,STU00009,2025WI,SCH03,PRG0303,true,true,6.0,Enrolled
ENR000042,STU00009,2026SU,SCH03,PRG0303,true,true,6.0,Enrolled
ENR000043,STU00009,2026WI,SCH03,PRG0303,true,true,6.0,Enrolled
ENR000044,STU00010,2024FA,SCH04,PRG0401,true,true,3.0,Enrolled
ENR000045,STU00010,2025FA,SCH04,PRG0401,true,true,6.0,Enrolled
ENR000046,STU00010,2025SU,SCH04,PRG0401,true,true,6.0,Enrolled
ENR000047,STU00010,2025WI,SCH04,PRG0401,true,true,6.0,Enrolled
ENR000048,STU00010,2026SU,SCH04,PRG0401,true,true,6.0,Enrolled
ENR000049,STU00010,2026WI,SCH04,PRG0401,true,true,6.0,Enrolled
ENR000050,STU00011,2024FA,SCH04,PRG0402,true,true,6.0,Enrolled
ENR000051,STU00011,2025FA,SCH04,PRG0402,true,true,6.0,Enrolled
ENR000052,STU00011,2025SU,SCH04,PRG0402,true,true,6.0,Enrolled
ENR000053,STU00011,2025WI,SCH04,PRG0402,true,true,6.0,Enrolled
ENR000054,STU00011,2026SU,SCH04,PRG0402,true,true,6.0,Enrolled
ENR000055,STU00011,2026WI,SCH04,PRG0402,true,true,6.0,Enrolled
ENR000056,STU00012,2024FA,SCH04,PRG0403,true,true,6.0,Enrolled
ENR000057,STU00012,2025FA,SCH04,PRG0403,true,true,6.0,Enrolled
ENR000058,STU00012,2025SU,SCH04,PRG0403,true,true,6.0,Enrolled
ENR000059,STU00012,2025WI,SCH04,PRG0403,true,true,6.0,Enrolled
ENR000060,STU00012,2026WI,SCH04,PRG0403,true,true,6.0,Enrolled
ENR000061,STU00013,2024FA,SCH05,PRG0501,true,true,6.0,Enrolled
ENR000062,STU00013,2025FA,SCH05,PRG0501,true,true,6.0,Enrolled
ENR000063,STU00013,2025WI,SCH05,PRG0501,true,true,6.0,Enrolled
ENR000064,STU00013,2026SU,SCH05,PRG0501,true,true,6.0,Enrolled
ENR000065,STU00014,2025FA,SCH05,PRG0502,true,true,6.0,Enrolled
ENR000066,STU00014,2025SU,SCH05,PRG0502,true,true,6.0,Enrolled
ENR000067,STU00014,2025WI,SCH05,PRG0502,true,true,3.0,Enrolled
ENR000068,STU00014,2026WI,SCH05,PRG0502,true,true,3.0,Enrolled
ENR000069,STU00015,2024FA,SCH05,PRG0503,true,true,6.0,Enrolled
ENR000070,STU00015,2025FA,SCH05,PRG0503,true,true,6.0,Enrolled
ENR000071,STU00015,2025SU,SCH05,PRG0503,true,true,6.0,Enrolled
ENR000072,STU00015,2026WI,SCH05,PRG0503,true,true,3.0,Enrolled
ENR000073,STU00016,2024FA,SCH06,PRG0601,true,true,6.0,Enrolled
ENR000074,STU00016,2025SU,SCH06,PRG0601,true,true,6.0,Enrolled
ENR000075,STU00016,2026SU,SCH06,PRG0601,true,true,6.0,Enrolled
ENR000076,STU00017,2024FA,SCH06,PRG0602,true,true,3.0,Enrolled
ENR000077,STU00017,2025FA,SCH06,PRG0602,true,true,6.0,Enrolled
ENR000078,STU00017,2025SU,SCH06,PRG0602,true,true,3.0,Enrolled
ENR000079,STU00017,2025WI,SCH06,PRG0602,true,true,6.0,Enrolled
ENR000080,STU00017,2026SU,SCH06,PRG0602,true,true,6.0,Enrolled
ENR000081,STU00017,2026WI,SCH06,PRG0602,true,true,6.0,Enrolled
ENR000082,STU00018,2024FA,SCH06,PRG0603,true,true,6.0,Enrolled
ENR000083,STU00018,2025FA,SCH06,PRG0603,true,true,3.0,Enrolled
ENR000084,STU00018,2025SU,SCH06,PRG0603,true,true,6.0,Enrolled
ENR000085,STU00018,2025WI,SCH06,PRG0603,true,true,6.0,Enrolled
ENR000086,STU00018,2026SU,SCH06,PRG0603,true,true,3.0,Enrolled
ENR000087,STU00018,2026WI,SCH06,PRG0603,true,true,6.0,Enrolled
ENR000088,STU00019,2024FA,SCH07,PRG0701,true,true,6.0,Enrolled
ENR000089,STU00019,2025FA,SCH07,PRG0701,true,true,6.0,Enrolled
ENR000090,STU00019,2025SU,SCH07,PRG0701,true,true,6.0,Enrolled
ENR000091,STU00019,2025WI,SCH07,PRG0701,true,true,3.0,Enrolled
ENR000092,STU00019,2026SU,SCH07,PRG0701,true,true,6.0,Enrolled
ENR000093,STU00019,2026WI,SCH07,PRG0701,true,true,6.0,Enrolled
ENR000094,STU00020,2024FA,SCH07,PRG0702,true,true,6.0,Enrolled
ENR000095,STU00020,2025FA,SCH07,PRG0702,true,true,6.0,Enrolled
ENR000096,STU00020,2025SU,SCH07,PRG0702,true,true,6.0,Enrolled
ENR000097,STU00020,2025WI,SCH07,PRG0702,true,true,6.0,Enrolled
ENR000098,STU00020,2026SU,SCH07,PRG0702,true,true,6.0,Enrolled
ENR000099,STU00020,2026WI,SCH07,PRG0702,true,true,6.0,Enrolled
ENR000100,STU00021,2025SU,SCH07,PRG0703,true,true,6.0,Enrolled
ENR000101,STU00021,2025WI,SCH07,PRG0703,true,true,3.0,Enrolled
ENR000102,STU00021,2026WI,SCH07,PRG0703,true,true,6.0,Enrolled
ENR000103,STU00022,2025SU,SCH08,PRG0801,true,true,6.0,Enrolled
ENR000104,STU00022,2025WI,SCH08,PRG0801,true,true,6.0,Enrolled
ENR000105,STU00022,2026SU,SCH08,PRG0801,true,true,6.0,Enrolled
ENR000106,STU00022,2026WI,SCH08,PRG0801,true,true,6.0,Enrolled
ENR000107,STU00023,2025FA,SCH08,PRG0802,true,true,6.0,Enrolled
ENR000108,STU00023,2025SU,SCH08,PRG0802,true,true,6.0,Enrolled
ENR000109,STU00023,2025WI,SCH08,PRG0802,true,true,6.0,Enrolled
ENR000110,STU00023,2026SU,SCH08,PRG0802,true,true,3.0,Enrolled
ENR000111,STU00023,2026WI,SCH08,PRG0802,true,true,6.0,Enrolled
ENR000112,STU00024,2025FA,SCH08,PRG0803,true,true,6.0,Enrolled
ENR000113,STU00024,2025SU,SCH08,PRG0803,true,true,6.0,Enrolled
ENR000114,STU00024,2025WI,SCH08,PRG0803,true,true,6.0,Enrolled
ENR000115,STU00024,2026WI,SCH08,PRG0803,true,true,6.0,Enrolled
ENR000116,STU00025,2024FA,SCH09,PRG0901,true,true,6.0,Enrolled
ENR000117,STU00025,2025FA,SCH09,PRG0901,true,true,6.0,Enrolled
ENR000118,STU00025,2025SU,SCH09,PRG0901,true,true,6.0,Enrolled
ENR000119,STU00026,2024FA,SCH09,PRG0902,true,true,6.0,Enrolled
ENR000120,STU00026,2025FA,SCH09,PRG0902,true,true,6.0,Enrolled
ENR000121,STU00026,2025SU,SCH09,PRG0902,true,true,3.0,Enrolled
ENR000122,STU00026,2025WI,SCH09,PRG0902,true,true,6.0,Enrolled
ENR000123,STU00026,2026SU,SCH09,PRG0902,true,true,6.0,Enrolled
ENR000124,STU00026,2026WI,SCH09,PRG0902,true,true,6.0,Enrolled
ENR000125,STU00027,2024FA,SCH09,PRG0903,true,true,6.0,Enrolled
ENR000126,STU00027,2025FA,SCH09,PRG0903,true,true,3.0,Enrolled
ENR000127,STU00027,2025SU,SCH09,PRG0903,true,true,6.0,Enrolled
ENR000128,STU00027,2025WI,SCH09,PRG0903,true,true,6.0,Enrolled
ENR000129,STU00027,2026WI,SCH09,PRG0903,true,true,6.0,Enrolled
ENR000130,STU00028,2024FA,SCH10,PRG1001,true,true,6.0,Enrolled
ENR000131,STU00028,2025FA,SCH10,PRG1001,true,true,6.0,Enrolled
ENR000132,STU00028,2025SU,SCH10,PRG1001,true,true,6.0,Enrolled
ENR000133,STU00028,2025WI,SCH10,PRG1001,true,true,3.0,Enrolled
ENR000134,STU00028,2026SU,SCH10,PRG1001,true,true,6.0,Enrolled
ENR000135,STU00028,2026WI,SCH10,PRG1001,true,true,6.0,Enrolled
ENR000136,STU00029,2024FA,SCH10,PRG1002,true,true,6.0,Enrolled
ENR000137,STU00029,2025FA,SCH10,PRG1002,true,true,6.0,Enrolled
ENR000138,STU00029,2026SU,SCH10,PRG1002,true,true,6.0,Enrolled
ENR000139,STU00029,2026WI,SCH10,PRG1002,true,true,6.0,Enrolled
ENR000140,STU00030,2024FA,SCH10,PRG1003,true,true,3.0,Enrolled
ENR000141,STU00030,2025FA,SCH10,PRG1003,true,true,6.0,Enrolled
ENR000142,STU00030,2025SU,SCH10,PRG1003,true,true,6.0,Enrolled
ENR000143,STU00030,2025WI,SCH10,PRG1003,true,true,6.0,Enrolled
ENR000144,STU00030,2026SU,SCH10,PRG1003,true,true,6.0,Enrolled
ENR000145,STU00030,2026WI,SCH10,PRG1003,true,true,6.0,Enrolled
ENR000146,STU00031,2025SU,SCH11,PRG1101,true,true,6.0,Enrolled
ENR000147,STU00031,2025WI,SCH11,PRG1101,true,true,6.0,Enrolled
ENR000148,STU00031,2026SU,SCH11,PRG1101,true,true,6.0,Enrolled
ENR000149,STU00031,2026WI,SCH11,PRG1101,true,true,6.0,Enrolled
ENR000150,STU00032,2024FA,SCH11,PRG1102,true,true,6.0,Enrolled
ENR000151,STU00032,2025SU,SCH11,PRG1102,true,true,6.0,Enrolled
ENR000152,STU00032,2025WI,SCH11,PRG1102,true,true,6.0,Enrolled
ENR000153,STU00032,2026SU,SCH11,PRG1102,true,true,6.0,Enrolled
ENR000154,STU00032,2026WI,SCH11,PRG1102,true,true,6.0,Enrolled
ENR000155,STU00033,2024FA,SCH11,PRG1103,true,true,6.0,Enrolled
ENR000156,STU00033,2025FA,SCH11,PRG1103,true,true,6.0,Enrolled
ENR000157,STU00033,2025SU,SCH11,PRG1103,true,true,6.0,Enrolled
ENR000158,STU00033,2025WI,SCH11,PRG1103,true,true,6.0,Enrolled
ENR000159,STU00033,2026SU,SCH11,PRG1103,true,true,6.0,Enrolled
ENR000160,STU00033,2026WI,SCH11,PRG1103,true,true,6.0,Enrolled
ENR000161,STU00034,2024FA,SCH12,PRG1201,true,true,6.0,Enrolled
ENR000162,STU00034,2025FA,SCH12,PRG1201,true,true,6.0,Enrolled
ENR000163,STU00034,2025SU,SCH12,PRG1201,true,true,6.0,Enrolled
ENR000164,STU00034,2025WI,SCH12,PRG1201,true,true,6.0,Enrolled
ENR000165,STU00034,2026WI,SCH12,PRG1201,true,true,6.0,Enrolled
ENR000166,STU00035,2024FA,SCH12,PRG1202,true,true,6.0,Enrolled
ENR000167,STU00035,2025FA,SCH12,PRG1202,true,true,3.0,Enrolled
ENR000168,STU00035,2025SU,SCH12,PRG1202,true,true,6.0,Enrolled
ENR000169,STU00036,2024FA,SCH12,PRG1203,true,true,6.0,Enrolled
ENR000170,STU00036,2025FA,SCH12,PRG1203,true,true,6.0,Enrolled
ENR000171,STU00036,2025SU,SCH12,PRG1203,true,true,6.0,Enrolled
ENR000172,STU00036,2025WI,SCH12,PRG1203,true,true,6.0,Enrolled
ENR000173,STU00036,2026SU,SCH12,PRG1203,true,true,3.0,Enrolled
ENR000174,STU00036,2026WI,SCH12,PRG1203,true,true,6.0,Enrolled
ENR000175,STU00037,2024FA,SCH01,PRG0101,true,true,6.0,Enrolled
ENR000176,STU00037,2025FA,SCH01,PRG0101,true,true,6.0,Enrolled
ENR000177,STU00037,2025SU,SCH01,PRG0101,true,true,6.0,Enrolled
ENR000178,STU00037,2025WI,SCH01,PRG0101,true,true,6.0,Enrolled
ENR000179,STU00037,2026WI,SCH01,PRG0101,true,true,6.0,Enrolled
ENR000180,STU00038,2024FA,SCH01,PRG0102,true,true,6.0,Enrolled
ENR000181,STU00038,2025FA,SCH01,PRG0102,true,true,6.0,Enrolled
ENR000182,STU00038,2025SU,SCH01,PRG0102,true,true,3.0,Enrolled
ENR000183,STU00038,2026SU,SCH01,PRG0102,true,true,6.0,Enrolled
ENR000184,STU00038,2026WI,SCH01,PRG0102,true,true,6.0,Enrolled
ENR000185,STU00039,2025FA,SCH01,PRG0103,true,true,6.0,Enrolled
ENR000186,STU00039,2025SU,SCH01,PRG0103,true,true,6.0,Enrolled
ENR000187,STU00039,2025WI,SCH01,PRG0103,true,true,6.0,Enrolled
ENR000188,STU00039,2026SU,SCH01,PRG0103,true,true,6.0,Enrolled
ENR000189,STU00039,2026WI,SCH01,PRG0103,true,true,6.0,Enrolled
ENR000190,STU00040,2024FA,SCH02,PRG0201,true,true,6.0,Enrolled
ENR000191,STU00040,2025FA,SCH02,PRG0201,true,true,6.0,Enrolled
ENR000192,STU00040,2025SU,SCH02,PRG0201,true,true,6.0,Enrolled
ENR000193,STU00040,2025WI,SCH02,PRG0201,true,true,6.0,Enrolled
ENR000194,STU00040,2026WI,SCH02,PRG0201,true,true,3.0,Enrolled
ENR000195,STU00041,2024FA,SCH02,PRG0202,true,true,6.0,Enrolled
ENR000196,STU00041,2025FA,SCH02,PRG0202,true,true,6.0,Enrolled
ENR000197,STU00041,2025SU,SCH02,PRG0202,true,true,6.0,Enrolled
ENR000198,STU00041,2025WI,SCH02,PRG0202,true,true,6.0,Enrolled
ENR000199,STU00041,2026SU,SCH02,PRG0202,true,true,3.0,Enrolled
ENR000200,STU00041,2026WI,SCH02,PRG0202,true,true,6.0,Enrolled
ENR000201,STU00042,2024FA,SCH02,PRG0203,true,true,6.0,Enrolled
ENR000202,STU00042,2025FA,SCH02,PRG0203,true,true,6.0,Enrolled
ENR000203,STU00042,2025WI,SCH02,PRG0203,true,true,6.0,Enrolled
ENR000204,STU00042,2026SU,SCH02,PRG0203,true,true,6.0,Enrolled
ENR000205,STU00042,2026WI,SCH02,PRG0203,true,true,6.0,Enrolled
ENR000206,STU00043,2024FA,SCH03,PRG0301,true,true,6.0,Enrolled
ENR000207,STU00043,2025FA,SCH03,PRG0301,true,true,6.0,Enrolled
ENR000208,STU00043,2025SU,SCH03,PRG0301,true,true,6.0,Enrolled
ENR000209,STU00043,2025WI,SCH03,PRG0301,true,true,6.0,Enrolled
ENR000210,STU00043,2026SU,SCH03,PRG0301,true,true,6.0,Enrolled
ENR000211,STU00043,2026WI,SCH03,PRG0301,true,true,6.0,Enrolled
ENR000212,STU00044,2024FA,SCH03,PRG0302,true,true,6.0,Enrolled
ENR000213,STU00044,2025FA,SCH03,PRG0302,true,true,6.0,Enrolled
ENR000214,STU00044,2025SU,SCH03,PRG0302,true,true,6.0,Enrolled
ENR000215,STU00044,2025WI,SCH03,PRG0302,true,true,6.0,Enrolled
ENR000216,STU00044,2026SU,SCH03,PRG0302,true,true,3.0,Enrolled
ENR000217,STU00045,2025FA,SCH03,PRG0303,true,true,6.0,Enrolled
ENR000218,STU00045,2025SU,SCH03,PRG0303,true,true,6.0,Enrolled
ENR000219,STU00045,2026SU,SCH03,PRG0303,true,true,6.0,Enrolled
ENR000220,STU00046,2025FA,SCH04,PRG0401,true,true,6.0,Enrolled
ENR000221,STU00046,2025SU,SCH04,PRG0401,true,true,6.0,Enrolled
ENR000222,STU00046,2025WI,SCH04,PRG0401,true,true,6.0,Enrolled
ENR000223,STU00046,2026SU,SCH04,PRG0401,true,true,6.0,Enrolled
ENR000224,STU00046,2026WI,SCH04,PRG0401,true,true,6.0,Enrolled
ENR000225,STU00047,2024FA,SCH04,PRG0402,true,true,6.0,Enrolled
ENR000226,STU00047,2025FA,SCH04,PRG0402,true,true,6.0,Enrolled
ENR000227,STU00047,2026WI,SCH04,PRG0402,true,true,6.0,Enrolled
ENR000228,STU00048,2024FA,SCH04,PRG0403,true,true,6.0,Enrolled
ENR000229,STU00048,2025WI,SCH04,PRG0403,true,true,6.0,Enrolled
ENR000230,STU00048,2026SU,SCH04,PRG0403,true,true,6.0,Enrolled
ENR000231,STU00048,2026WI,SCH04,PRG0403,true,true,6.0,Enrolled
ENR000232,STU00049,2025FA,SCH05,PRG0501,true,true,6.0,Enrolled
ENR000233,STU00049,2026SU,SCH05,PRG0501,true,true,6.0,Enrolled
ENR000234,STU00049,2026WI,SCH05,PRG0501,true,true,6.0,Enrolled
ENR000235,STU00050,2024FA,SCH05,PRG0502,true,true,6.0,Enrolled
ENR000236,STU00050,2025SU,SCH05,PRG0502,true,true,6.0,Enrolled
ENR000237,STU00050,2026SU,SCH05,PRG0502,true,true,6.0,Enrolled
ENR000238,STU00051,2024FA,SCH05,PRG0503,true,true,6.0,Enrolled
ENR000239,STU00051,2025WI,SCH05,PRG0503,true,true,6.0,Enrolled
ENR000240,STU00051,2026SU,SCH05,PRG0503,true,true,6.0,Enrolled
ENR000241,STU00051,2026WI,SCH05,PRG0503,true,true,6.0,Enrolled
ENR000242,STU00052,2025FA,SCH06,PRG0601,true,true,6.0,Enrolled
ENR000243,STU00052,2025SU,SCH06,PRG0601,false,false,0.0,Not Enrolled
ENR000244,STU00052,2025WI,SCH06,PRG0601,true,true,6.0,Enrolled
ENR000245,STU00052,2026SU,SCH06,PRG0601,true,true,6.0,Enrolled
ENR000246,STU00052,2026WI,SCH06,PRG0601,true,true,3.0,Enrolled
ENR000247,STU00053,2024FA,SCH06,PRG0602,true,true,6.0,Enrolled
ENR000248,STU00053,2025SU,SCH06,PRG0602,true,true,6.0,Enrolled
ENR000249,STU00053,2025WI,SCH06,PRG0602,true,true,6.0,Enrolled
ENR000250,STU00053,2026SU,SCH06,PRG0602,true,true,3.0,Enrolled
ENR000251,STU00053,2026WI,SCH06,PRG0602,true,true,6.0,Enrolled
ENR000252,STU00054,2024FA,SCH06,PRG0603,true,true,6.0,Enrolled
ENR000253,STU00054,2025FA,SCH06,PRG0603,true,true,6.0,Enrolled
ENR000254,STU00054,2025SU,SCH06,PRG0603,true,true,6.0,Enrolled
ENR000255,STU00054,2025WI,SCH06,PRG0603,true,true,6.0,Enrolled
ENR000256,STU00054,2026SU,SCH06,PRG0603,true,true,6.0,Enrolled
ENR000257,STU00054,2026WI,SCH06,PRG0603,true,true,6.0,Enrolled
ENR000258,STU00055,2025FA,SCH07,PRG0701,true,true,6.0,Enrolled
ENR000259,STU00055,2025SU,SCH07,PRG0701,true,true,6.0,Enrolled
ENR000260,STU00055,2025WI,SCH07,PRG0701,true,true,6.0,Enrolled
ENR000261,STU00055,2026SU,SCH07,PRG0701,true,true,6.0,Enrolled
ENR000262,STU00055,2026WI,SCH07,PRG0701,true,true,3.0,Enrolled
ENR000263,STU00056,2024FA,SCH07,PRG0702,true,true,6.0,Enrolled
ENR000264,STU00056,2025FA,SCH07,PRG0702,true,true,6.0,Enrolled
ENR000265,STU00056,2026SU,SCH07,PRG0702,true,true,6.0,Enrolled
ENR000266,STU00057,2025FA,SCH07,PRG0703,true,true,6.0,Enrolled
ENR000267,STU00057,2026SU,SCH07,PRG0703,true,true,3.0,Enrolled
ENR000268,STU00057,2026WI,SCH07,PRG0703,true,true,6.0,Enrolled
ENR000269,STU00058,2024FA,SCH08,PRG0801,true,true,3.0,Enrolled
ENR000270,STU00058,2025FA,SCH08,PRG0801,true,true,3.0,Enrolled
ENR000271,STU00058,2025SU,SCH08,PRG0801,true,true,6.0,Enrolled
ENR000272,STU00058,2026SU,SCH08,PRG0801,true,true,6.0,Enrolled
ENR000273,STU00058,2026WI,SCH08,PRG0801,true,true,6.0,Enrolled
ENR000274,STU00059,2025SU,SCH08,PRG0802,true,true,6.0,Enrolled
ENR000275,STU00059,2026SU,SCH08,PRG0802,true,true,6.0,Enrolled
ENR000276,STU00059,2026WI,SCH08,PRG0802,true,true,3.0,Enrolled
ENR000277,STU00060,2024FA,SCH08,PRG0803,true,true,6.0,Enrolled
ENR000278,STU00060,2025SU,SCH08,PRG0803,true,true,6.0,Enrolled
ENR000279,STU00060,2025WI,SCH08,PRG0803,true,true,6.0,Enrolled
ENR000280,STU00060,2026WI,SCH08,PRG0803,true,true,6.0,Enrolled
ENR000281,STU00061,2024FA,SCH09,PRG0901,true,true,6.0,Enrolled
ENR000282,STU00061,2025FA,SCH09,PRG0901,true,true,6.0,Enrolled
ENR000283,STU00061,2025SU,SCH09,PRG0901,true,true,6.0,Enrolled
ENR000284,STU00061,2025WI,SCH09,PRG0901,true,true,6.0,Enrolled
ENR000285,STU00061,2026WI,SCH09,PRG0901,true,true,6.0,Enrolled
ENR000286,STU00062,2024FA,SCH09,PRG0902,true,true,3.0,Enrolled
ENR000287,STU00062,2025FA,SCH09,PRG0902,true,true,6.0,Enrolled
ENR000288,STU00062,2025SU,SCH09,PRG0902,true,true,3.0,Enrolled
ENR000289,STU00062,2025WI,SCH09,PRG0902,true,true,6.0,Enrolled
ENR000290,STU00062,2026SU,SCH09,PRG0902,true,true,3.0,Enrolled
ENR000291,STU00062,2026WI,SCH09,PRG0902,true,true,6.0,Enrolled
ENR000292,STU00063,2025WI,SCH09,PRG0903,true,true,6.0,Enrolled
ENR000293,STU00063,2026SU,SCH09,PRG0903,true,true,6.0,Enrolled
ENR000294,STU00063,2026WI,SCH09,PRG0903,true,true,6.0,Enrolled
ENR000295,STU00064,2024FA,SCH10,PRG1001,true,true,6.0,Enrolled
ENR000296,STU00064,2025FA,SCH10,PRG1001,true,true,6.0,Enrolled
ENR000297,STU00064,2025SU,SCH10,PRG1001,true,true,6.0,Enrolled
ENR000298,STU00064,2025WI,SCH10,PRG1001,true,true,6.0,Enrolled
ENR000299,STU00064,2026WI,SCH10,PRG1001,true,true,6.0,Enrolled
ENR000300,STU00065,2024FA,SCH10,PRG1002,true,true,6.0,Enrolled
ENR000301,STU00065,2025FA,SCH10,PRG1002,true,true,6.0,Enrolled
ENR000302,STU00065,2026SU,SCH10,PRG1002,true,true,6.0,Enrolled
ENR000303,STU00065,2026WI,SCH10,PRG1002,true,true,6.0,Enrolled
ENR000304,STU00066,2024FA,SCH10,PRG1003,true,true,6.0,Enrolled
ENR000305,STU00066,2025FA,SCH10,PRG1003,true,true,6.0,Enrolled
ENR000306,STU00066,2025SU,SCH10,PRG1003,true,true,6.0,Enrolled
ENR000307,STU00066,2025WI,SCH10,PRG1003,true,true,6.0,Enrolled
ENR000308,STU00066,2026SU,SCH10,PRG1003,true,true,6.0,Enrolled
ENR000309,STU00067,2024FA,SCH11,PRG1101,true,true,6.0,Enrolled
ENR000310,STU00067,2025FA,SCH11,PRG1101,true,true,6.0,Enrolled
ENR000311,STU00067,2025SU,SCH11,PRG1101,true,true,6.0,Enrolled
ENR000312,STU00067,2025WI,SCH11,PRG1101,true,true,6.0,Enrolled
ENR000313,STU00067,2026SU,SCH11,PRG1101,true,true,6.0,Enrolled
ENR000314,STU00067,2026WI,SCH11,PRG1101,true,true,6.0,Enrolled
ENR000315,STU00068,2024FA,SCH11,PRG1102,true,true,6.0,Enrolled
ENR000316,STU00068,2025FA,SCH11,PRG1102,true,true,6.0,Enrolled
ENR000317,STU00068,2026WI,SCH11,PRG1102,true,true,6.0,Enrolled
ENR000318,STU00069,2024FA,SCH11,PRG1103,true,true,6.0,Enrolled
ENR000319,STU00069,2025SU,SCH11,PRG1103,true,true,3.0,Enrolled
ENR000320,STU00069,2025WI,SCH11,PRG1103,true,true,6.0,Enrolled
ENR000321,STU00069,2026WI,SCH11,PRG1103,true,true,3.0,Enrolled
ENR000322,STU00070,2024FA,SCH12,PRG1201,true,true,6.0,Enrolled
ENR000323,STU00070,2025FA,SCH12,PRG1201,true,true,6.0,Enrolled
ENR000324,STU00070,2025SU,SCH12,PRG1201,true,true,6.0,Enrolled
ENR000325,STU00070,2025WI,SCH12,PRG1201,true,true,6.0,Enrolled
ENR000326,STU00070,2026SU,SCH12,PRG1201,true,true,6.0,Enrolled
ENR000327,STU00070,2026WI,SCH12,PRG1201,true,true,6.0,Enrolled
ENR000328,STU00071,2024FA,SCH12,PRG1202,true,true,6.0,Enrolled
ENR000329,STU00071,2025SU,SCH12,PRG1202,true,true,6.0,Enrolled
ENR000330,STU00071,2025WI,SCH12,PRG1202,true,true,3.0,Enrolled
ENR000331,STU00071,2026WI,SCH12,PRG1202,true,true,6.0,Enrolled
ENR000332,STU00072,2024FA,SCH12,PRG1203,true,true,6.0,Enrolled
ENR000333,STU00072,2025FA,SCH12,PRG1203,true,true,6.0,Enrolled
ENR000334,STU00072,2025WI,SCH12,PRG1203,true,true,6.0,Enrolled
ENR000335,STU00072,2026WI,SCH12,PRG1203,true,true,6.0,Enrolled
ENR000336,STU00073,2024FA,SCH01,PRG0101,true,true,6.0,Enrolled
ENR000337,STU00073,2025FA,SCH01,PRG0101,true,true,3.0,Enrolled
ENR000338,STU00073,2025WI,SCH01,PRG0101,true,true,6.0,Enrolled
ENR000339,STU00073,2026SU,SCH01,PRG0101,true,true,6.0,Enrolled
ENR000340,STU00073,2026WI,SCH01,PRG0101,true,true,6.0,Enrolled
ENR000341,STU00074,2024FA,SCH01,PRG0102,true,true,6.0,Enrolled
ENR000342,STU00074,2025FA,SCH01,PRG0102,true,true,6.0,Enrolled
ENR000343,STU00074,2025WI,SCH01,PRG0102,true,true,6.0,Enrolled
ENR000344,STU00074,2026SU,SCH01,PRG0102,true,true,6.0,Enrolled
ENR000345,STU00074,2026WI,SCH01,PRG0102,true,true,6.0,Enrolled
ENR000346,STU00075,2024FA,SCH01,PRG0103,true,true,6.0,Enrolled
ENR000347,STU00075,2025SU,SCH01,PRG0103,true,true,6.0,Enrolled
ENR000348,STU00075,2026SU,SCH01,PRG0103,true,true,6.0,Enrolled
ENR000349,STU00076,2024FA,SCH02,PRG0201,true,true,6.0,Enrolled
ENR000350,STU00076,2025FA,SCH02,PRG0201,true,true,6.0,Enrolled
ENR000351,STU00076,2025SU,SCH02,PRG0201,true,true,6.0,Enrolled
ENR000352,STU00076,2025WI,SCH02,PRG0201,true,true,6.0,Enrolled
ENR000353,STU00076,2026SU,SCH02,PRG0201,true,true,3.0,Enrolled
ENR000354,STU00076,2026WI,SCH02,PRG0201,true,true,6.0,Enrolled
ENR000355,STU00077,2025FA,SCH02,PRG0202,true,true,6.0,Enrolled
ENR000356,STU00077,2025SU,SCH02,PRG0202,true,true,6.0,Enrolled
ENR000357,STU00077,2025WI,SCH02,PRG0202,true,true,6.0,Enrolled
ENR000358,STU00077,2026SU,SCH02,PRG0202,true,true,6.0,Enrolled
ENR000359,STU00077,2026WI,SCH02,PRG0202,true,true,6.0,Enrolled
ENR000360,STU00078,2024FA,SCH02,PRG0203,true,true,6.0,Enrolled
ENR000361,STU00078,2025SU,SCH02,PRG0203,true,true,6.0,Enrolled
ENR000362,STU00078,2025WI,SCH02,PRG0203,true,true,6.0,Enrolled
ENR000363,STU00079,2025FA,SCH03,PRG0301,true,true,3.0,Enrolled
ENR000364,STU00079,2025SU,SCH03,PRG0301,true,true,6.0,Enrolled
ENR000365,STU00079,2026SU,SCH03,PRG0301,true,true,6.0,Enrolled
ENR000366,STU00079,2026WI,SCH03,PRG0301,true,true,6.0,Enrolled
ENR000367,STU00080,2024FA,SCH03,PRG0302,true,true,6.0,Enrolled
ENR000368,STU00080,2025FA,SCH03,PRG0302,true,true,6.0,Enrolled
ENR000369,STU00080,2025WI,SCH03,PRG0302,true,true,6.0,Enrolled
ENR000370,STU00080,2026SU,SCH03,PRG0302,true,true,6.0,Enrolled
ENR000371,STU00080,2026WI,SCH03,PRG0302,true,true,6.0,Enrolled
ENR000372,STU00081,2024FA,SCH03,PRG0303,true,true,6.0,Enrolled
ENR000373,STU00081,2025FA,SCH03,PRG0303,true,true,6.0,Enrolled
ENR000374,STU00081,2025SU,SCH03,PRG0303,true,true,6.0,Enrolled
ENR000375,STU00081,2025WI,SCH03,PRG0303,true,true,6.0,Enrolled
ENR000376,STU00081,2026SU,SCH03,PRG0303,true,true,6.0,Enrolled
ENR000377,STU00082,2024FA,SCH04,PRG0401,true,true,6.0,Enrolled
ENR000378,STU00082,2025WI,SCH04,PRG0401,true,true,6.0,Enrolled
ENR000379,STU00082,2026SU,SCH04,PRG0401,true,true,3.0,Enrolled
ENR000380,STU00082,2026WI,SCH04,PRG0401,true,true,3.0,Enrolled
ENR000381,STU00083,2024FA,SCH04,PRG0402,true,true,6.0,Enrolled
ENR000382,STU00083,2025FA,SCH04,PRG0402,true,true,6.0,Enrolled
ENR000383,STU00083,2025SU,SCH04,PRG0402,true,true,3.0,Enrolled
ENR000384,STU00083,2026SU,SCH04,PRG0402,true,true,6.0,Enrolled
ENR000385,STU00083,2026WI,SCH04,PRG0402,true,true,6.0,Enrolled
ENR000386,STU00084,2025SU,SCH04,PRG0403,true,true,6.0,Enrolled
ENR000387,STU00084,2025WI,SCH04,PRG0403,true,true,6.0,Enrolled
ENR000388,STU00084,2026SU,SCH04,PRG0403,true,true,6.0,Enrolled
ENR000389,STU00085,2025SU,SCH05,PRG0501,true,true,6.0,Enrolled
ENR000390,STU00085,2025WI,SCH05,PRG0501,true,true,3.0,Enrolled
ENR000391,STU00085,2026SU,SCH05,PRG0501,true,true,6.0,Enrolled
ENR000392,STU00085,2026WI,SCH05,PRG0501,true,true,6.0,Enrolled
ENR000393,STU00086,2024FA,SCH05,PRG0502,true,true,6.0,Enrolled
ENR000394,STU00086,2025FA,SCH05,PRG0502,true,true,6.0,Enrolled
ENR000395,STU00086,2025SU,SCH05,PRG0502,true,true,6.0,Enrolled
ENR000396,STU00086,2025WI,SCH05,PRG0502,true,true,6.0,Enrolled
ENR000397,STU00086,2026SU,SCH05,PRG0502,true,true,6.0,Enrolled
ENR000398,STU00086,2026WI,SCH05,PRG0502,true,true,6.0,Enrolled
ENR000399,STU00087,2024FA,SCH05,PRG0503,true,true,6.0,Enrolled
ENR000400,STU00087,2025FA,SCH05,PRG0503,true,true,6.0,Enrolled
ENR000401,STU00087,2025WI,SCH05,PRG0503,true,true,6.0,Enrolled
ENR000402,STU00087,2026SU,SCH05,PRG0503,true,true,6.0,Enrolled
ENR000403,STU00087,2026WI,SCH05,PRG0503,true,true,6.0,Enrolled
ENR000404,STU00088,2024FA,SCH06,PRG0601,true,true,6.0,Enrolled
ENR000405,STU00088,2025FA,SCH06,PRG0601,true,true,6.0,Enrolled
ENR000406,STU00088,2025WI,SCH06,PRG0601,true,true,6.0,Enrolled
ENR000407,STU00089,2024FA,SCH06,PRG0602,true,true,6.0,Enrolled
ENR000408,STU00089,2025FA,SCH06,PRG0602,true,true,6.0,Enrolled
ENR000409,STU00089,2025WI,SCH06,PRG0602,true,true,6.0,Enrolled
ENR000410,STU00089,2026SU,SCH06,PRG0602,true,true,3.0,Enrolled
ENR000411,STU00089,2026WI,SCH06,PRG0602,true,true,6.0,Enrolled
ENR000412,STU00090,2024FA,SCH06,PRG0603,true,true,6.0,Enrolled
ENR000413,STU00090,2025SU,SCH06,PRG0603,true,true,6.0,Enrolled
ENR000414,STU00090,2025WI,SCH06,PRG0603,true,true,6.0,Enrolled
ENR000415,STU00090,2026SU,SCH06,PRG0603,true,true,3.0,Enrolled
ENR000416,STU00090,2026WI,SCH06,PRG0603,true,true,6.0,Enrolled
ENR000417,STU00091,2024FA,SCH07,PRG0701,true,true,6.0,Enrolled
ENR000418,STU00091,2025SU,SCH07,PRG0701,true,true,6.0,Enrolled
ENR000419,STU00091,2025WI,SCH07,PRG0701,true,true,6.0,Enrolled
ENR000420,STU00091,2026SU,SCH07,PRG0701,true,true,6.0,Enrolled
ENR000421,STU00091,2026WI,SCH07,PRG0701,true,true,6.0,Enrolled
ENR000422,STU00092,2025FA,SCH07,PRG0702,true,true,6.0,Enrolled
ENR000423,STU00092,2025WI,SCH07,PRG0702,true,true,6.0,Enrolled
ENR000424,STU00092,2026WI,SCH07,PRG0702,true,true,6.0,Enrolled
ENR000425,STU00093,2025SU,SCH07,PRG0703,true,true,6.0,Enrolled
ENR000426,STU00093,2025WI,SCH07,PRG0703,true,true,6.0,Enrolled
ENR000427,STU00093,2026SU,SCH07,PRG0703,true,true,6.0,Enrolled
ENR000428,STU00094,2025FA,SCH08,PRG0801,true,true,6.0,Enrolled
ENR000429,STU00094,2025SU,SCH08,PRG0801,true,true,6.0,Enrolled
ENR000430,STU00094,2026SU,SCH08,PRG0801,true,true,6.0,Enrolled
ENR000431,STU00094,2026WI,SCH08,PRG0801,true,true,6.0,Enrolled
ENR000432,STU00095,2024FA,SCH08,PRG0802,true,true,6.0,Enrolled
ENR000433,STU00095,2025FA,SCH08,PRG0802,true,true,6.0,Enrolled
ENR000434,STU00095,2025SU,SCH08,PRG0802,true,true,6.0,Enrolled
ENR000435,STU00095,2025WI,SCH08,PRG0802,true,true,6.0,Enrolled
ENR000436,STU00095,2026SU,SCH08,PRG0802,true,true,6.0,Enrolled
ENR000437,STU00095,2026WI,SCH08,PRG0802,true,true,6.0,Enrolled
ENR000438,STU00096,2024FA,SCH08,PRG0803,true,true,6.0,Enrolled
ENR000439,STU00096,2025FA,SCH08,PRG0803,true,true,6.0,Enrolled
ENR000440,STU00096,2025SU,SCH08,PRG0803,true,true,6.0,Enrolled
ENR000441,STU00096,2025WI,SCH08,PRG0803,true,true,6.0,Enrolled
ENR000442,STU00096,2026WI,SCH08,PRG0803,true,true,6.0,Enrolled
ENR000443,STU00097,2024FA,SCH09,PRG0901,true,true,6.0,Enrolled
ENR000444,STU00097,2026SU,SCH09,PRG0901,true,true,6.0,Enrolled
ENR000445,STU00097,2026WI,SCH09,PRG0901,true,true,6.0,Enrolled
ENR000446,STU00098,2025FA,SCH09,PRG0902,true,true,6.0,Enrolled
ENR000447,STU00098,2025SU,SCH09,PRG0902,true,true,6.0,Enrolled
ENR000448,STU00098,2025WI,SCH09,PRG0902,true,true,6.0,Enrolled
ENR000449,STU00098,2026SU,SCH09,PRG0902,true,true,6.0,Enrolled
ENR000450,STU00099,2024FA,SCH09,PRG0903,true,true,6.0,Enrolled
ENR000451,STU00099,2025FA,SCH09,PRG0903,true,true,6.0,Enrolled
ENR000452,STU00099,2025SU,SCH09,PRG0903,true,true,3.0,Enrolled
ENR000453,STU00099,2026SU,SCH09,PRG0903,true,true,6.0,Enrolled
ENR000454,STU00100,2024FA,SCH10,PRG1001,true,true,6.0,Enrolled
ENR000455,STU00100,2025FA,SCH10,PRG1001,true,true,6.0,Enrolled
ENR000456,STU00100,2025SU,SCH10,PRG1001,true,true,3.0,Enrolled
ENR000457,STU00100,2025WI,SCH10,PRG1001,true,true,6.0,Enrolled
ENR000458,STU00100,2026SU,SCH10,PRG1001,true,true,6.0,Enrolled
ENR000459,STU00100,2026WI,SCH10,PRG1001,true,true,6.0,Enrolled
ENR000460,STU00101,2024FA,SCH10,PRG1002,true,true,6.0,Enrolled
ENR000461,STU00101,2025FA,SCH10,PRG1002,true,true,6.0,Enrolled
ENR000462,STU00101,2025WI,SCH10,PRG1002,true,true,6.0,Enrolled
ENR000463,STU00101,2026SU,SCH10,PRG1002,true,true,6.0,Enrolled
ENR000464,STU00102,2025SU,SCH10,PRG1003,true,true,6.0,Enrolled
ENR000465,STU00102,2025WI,SCH10,PRG1003,true,true,6.0,Enrolled
ENR000466,STU00102,2026WI,SCH10,PRG1003,true,true,6.0,Enrolled
ENR000467,STU00103,2025FA,SCH11,PRG1101,true,true,6.0,Enrolled
ENR000468,STU00103,2025SU,SCH11,PRG1101,true,true,6.0,Enrolled
ENR000469,STU00103,2025WI,SCH11,PRG1101,true,true,6.0,Enrolled
ENR000470,STU00103,2026SU,SCH11,PRG1101,true,true,6.0,Enrolled
ENR000471,STU00103,2026WI,SCH11,PRG1101,true,true,6.0,Enrolled
ENR000472,STU00104,2024FA,SCH11,PRG1102,true,true,6.0,Enrolled
ENR000473,STU00104,2025FA,SCH11,PRG1102,true,true,6.0,Enrolled
ENR000474,STU00104,2025SU,SCH11,PRG1102,true,true,6.0,Enrolled
ENR000475,STU00104,2026SU,SCH11,PRG1102,true,true,6.0,Enrolled
ENR000476,STU00104,2026WI,SCH11,PRG1102,true,true,6.0,Enrolled
ENR000477,STU00105,2024FA,SCH11,PRG1103,true,true,6.0,Enrolled
ENR000478,STU00105,2025FA,SCH11,PRG1103,true,true,6.0,Enrolled
ENR000479,STU00105,2025SU,SCH11,PRG1103,true,true,6.0,Enrolled
ENR000480,STU00105,2025WI,SCH11,PRG1103,true,true,6.0,Enrolled
ENR000481,STU00105,2026SU,SCH11,PRG1103,true,true,6.0,Enrolled
ENR000482,STU00106,2024FA,SCH12,PRG1201,true,true,3.0,Enrolled
ENR000483,STU00106,2025FA,SCH12,PRG1201,true,true,3.0,Enrolled
ENR000484,STU00106,2025SU,SCH12,PRG1201,true,true,3.0,Enrolled
ENR000485,STU00106,2025WI,SCH12,PRG1201,true,true,6.0,Enrolled
ENR000486,STU00106,2026WI,SCH12,PRG1201,true,true,6.0,Enrolled
ENR000487,STU00107,2024FA,SCH12,PRG1202,true,true,6.0,Enrolled
ENR000488,STU00107,2025FA,SCH12,PRG1202,true,true,6.0,Enrolled
ENR000489,STU00107,2025SU,SCH12,PRG1202,true,true,6.0,Enrolled
ENR000490,STU00107,2025WI,SCH12,PRG1202,true,true,6.0,Enrolled
ENR000491,STU00108,2024FA,SCH12,PRG1203,true,true,6.0,Enrolled
ENR000492,STU00108,2025FA,SCH12,PRG1203,true,true,6.0,Enrolled
ENR000493,STU00108,2025SU,SCH12,PRG1203,true,true,3.0,Enrolled
ENR000494,STU00108,2025WI,SCH12,PRG1203,true,true,6.0,Enrolled
ENR000495,STU00108,2026SU,SCH12,PRG1203,true,true,6.0,Enrolled
ENR000496,STU00108,2026WI,SCH12,PRG1203,true,true,6.0,Enrolled
ENR000497,STU00109,2024FA,SCH01,PRG0101,true,true,6.0,Enrolled
ENR000498,STU00109,2025FA,SCH01,PRG0101,true,true,3.0,Enrolled
ENR000499,STU00109,2025SU,SCH01,PRG0101,true,true,6.0,Enrolled
ENR000500,STU00109,2025WI,SCH01,PRG0101,true,true,6.0,Enrolled
ENR000501,STU00109,2026SU,SCH01,PRG0101,true,true,6.0,Enrolled
ENR000502,STU00109,2026WI,SCH01,PRG0101,true,true,6.0,Enrolled
ENR000503,STU00110,2024FA,SCH01,PRG0102,true,true,6.0,Enrolled
ENR000504,STU00110,2025FA,SCH01,PRG0102,true,true,6.0,Enrolled
ENR000505,STU00110,2025SU,SCH01,PRG0102,true,true,6.0,Enrolled
ENR000506,STU00110,2025WI,SCH01,PRG0102,true,true,6.0,Enrolled
ENR000507,STU00110,2026SU,SCH01,PRG0102,true,true,6.0,Enrolled
ENR000508,STU00110,2026WI,SCH01,PRG0102,true,true,6.0,Enrolled
ENR000509,STU00111,2024FA,SCH01,PRG0103,true,true,6.0,Enrolled
ENR000510,STU00111,2025FA,SCH01,PRG0103,true,true,6.0,Enrolled
ENR000511,STU00111,2025SU,SCH01,PRG0103,true,true,6.0,Enrolled
ENR000512,STU00111,2025WI,SCH01,PRG0103,true,true,6.0,Enrolled
ENR000513,STU00112,2024FA,SCH02,PRG0201,true,true,6.0,Enrolled
ENR000514,STU00112,2025SU,SCH02,PRG0201,true,true,6.0,Enrolled
ENR000515,STU00112,2025WI,SCH02,PRG0201,true,true,6.0,Enrolled
ENR000516,STU00112,2026SU,SCH02,PRG0201,true,true,6.0,Enrolled
ENR000517,STU00113,2024FA,SCH02,PRG0202,true,true,6.0,Enrolled
ENR000518,STU00113,2025FA,SCH02,PRG0202,true,true,3.0,Enrolled
ENR000519,STU00113,2025SU,SCH02,PRG0202,true,true,6.0,Enrolled
ENR000520,STU00113,2025WI,SCH02,PRG0202,true,true,6.0,Enrolled
ENR000521,STU00113,2026SU,SCH02,PRG0202,true,true,6.0,Enrolled
ENR000522,STU00113,2026WI,SCH02,PRG0202,true,true,6.0,Enrolled
ENR000523,STU00114,2024FA,SCH02,PRG0203,true,true,6.0,Enrolled
ENR000524,STU00114,2025FA,SCH02,PRG0203,true,true,6.0,Enrolled
ENR000525,STU00114,2025WI,SCH02,PRG0203,true,true,6.0,Enrolled
ENR000526,STU00114,2026SU,SCH02,PRG0203,true,true,6.0,Enrolled
ENR000527,STU00114,2026WI,SCH02,PRG0203,true,true,6.0,Enrolled
ENR000528,STU00115,2024FA,SCH03,PRG0301,true,true,6.0,Enrolled
ENR000529,STU00115,2025FA,SCH03,PRG0301,true,true,6.0,Enrolled
ENR000530,STU00115,2025WI,SCH03,PRG0301,true,true,6.0,Enrolled
ENR000531,STU00115,2026WI,SCH03,PRG0301,true,true,6.0,Enrolled
ENR000532,STU00116,2024FA,SCH03,PRG0302,true,true,6.0,Enrolled
ENR000533,STU00116,2025FA,SCH03,PRG0302,true,true,6.0,Enrolled
ENR000534,STU00116,2025SU,SCH03,PRG0302,true,true,6.0,Enrolled
ENR000535,STU00116,2026WI,SCH03,PRG0302,true,true,6.0,Enrolled
ENR000536,STU00117,2024FA,SCH03,PRG0303,true,true,6.0,Enrolled
ENR000537,STU00117,2025FA,SCH03,PRG0303,true,true,6.0,Enrolled
ENR000538,STU00117,2025SU,SCH03,PRG0303,true,true,6.0,Enrolled
ENR000539,STU00117,2025WI,SCH03,PRG0303,true,true,6.0,Enrolled
ENR000540,STU00117,2026SU,SCH03,PRG0303,true,true,6.0,Enrolled
ENR000541,STU00117,2026WI,SCH03,PRG0303,true,true,6.0,Enrolled
ENR000542,STU00118,2024FA,SCH04,PRG0401,true,true,6.0,Enrolled
ENR000543,STU00118,2025FA,SCH04,PRG0401,true,true,6.0,Enrolled
ENR000544,STU00118,2025WI,SCH04,PRG0401,true,true,6.0,Enrolled
ENR000545,STU00119,2024FA,SCH04,PRG0402,true,true,6.0,Enrolled
ENR000546,STU00119,2025FA,SCH04,PRG0402,true,true,6.0,Enrolled
ENR000547,STU00119,2025SU,SCH04,PRG0402,true,true,6.0,Enrolled
ENR000548,STU00119,2025WI,SCH04,PRG0402,true,true,6.0,Enrolled
ENR000549,STU00120,2025FA,SCH04,PRG0403,true,true,6.0,Enrolled
ENR000550,STU00120,2026SU,SCH04,PRG0403,true,true,6.0,Enrolled
ENR000551,STU00120,2026WI,SCH04,PRG0403,true,true,6.0,Enrolled
ENR000552,STU00121,2024FA,SCH05,PRG0501,true,true,3.0,Enrolled
ENR000553,STU00121,2025SU,SCH05,PRG0501,true,true,6.0,Enrolled
ENR000554,STU00121,2026SU,SCH05,PRG0501,true,true,6.0,Enrolled
ENR000555,STU00122,2024FA,SCH05,PRG0502,true,true,6.0,Enrolled
ENR000556,STU00122,2025SU,SCH05,PRG0502,true,true,6.0,Enrolled
ENR000557,STU00122,2026SU,SCH05,PRG0502,true,true,6.0,Enrolled
ENR000558,STU00123,2024FA,SCH05,PRG0503,true,true,6.0,Enrolled
ENR000559,STU00123,2025SU,SCH05,PRG0503,true,true,6.0,Enrolled
ENR000560,STU00123,2025WI,SCH05,PRG0503,true,true,6.0,Enrolled
ENR000561,STU00123,2026SU,SCH05,PRG0503,true,true,6.0,Enrolled
ENR000562,STU00123,2026WI,SCH05,PRG0503,true,true,3.0,Enrolled
ENR000563,STU00124,2024FA,SCH06,PRG0601,true,true,3.0,Enrolled
ENR000564,STU00124,2025SU,SCH06,PRG0601,true,true,6.0,Enrolled
ENR000565,STU00124,2025WI,SCH06,PRG0601,true,true,3.0,Enrolled
ENR000566,STU00124,2026SU,SCH06,PRG0601,true,true,6.0,Enrolled
ENR000567,STU00124,2026WI,SCH06,PRG0601,true,true,6.0,Enrolled
ENR000568,STU00125,2024FA,SCH06,PRG0602,true,true,6.0,Enrolled
ENR000569,STU00125,2025WI,SCH06,PRG0602,true,true,6.0,Enrolled
ENR000570,STU00125,2026SU,SCH06,PRG0602,true,true,6.0,Enrolled
ENR000571,STU00126,2024FA,SCH06,PRG0603,true,true,6.0,Enrolled
ENR000572,STU00126,2025FA,SCH06,PRG0603,true,true,6.0,Enrolled
ENR000573,STU00126,2025SU,SCH06,PRG0603,true,true,6.0,Enrolled
ENR000574,STU00126,2025WI,SCH06,PRG0603,true,true,6.0,Enrolled
ENR000575,STU00126,2026WI,SCH06,PRG0603,true,true,6.0,Enrolled
ENR000576,STU00127,2024FA,SCH07,PRG0701,true,true,6.0,Enrolled
ENR000577,STU00127,2025FA,SCH07,PRG0701,true,true,6.0,Enrolled
ENR000578,STU00127,2025SU,SCH07,PRG0701,true,true,6.0,Enrolled
ENR000579,STU00127,2026SU,SCH07,PRG0701,true,true,6.0,Enrolled
ENR000580,STU00127,2026WI,SCH07,PRG0701,true,true,6.0,Enrolled
ENR000581,STU00128,2024FA,SCH07,PRG0702,true,true,6.0,Enrolled
ENR000582,STU00128,2025SU,SCH07,PRG0702,true,true,6.0,Enrolled
ENR000583,STU00128,2026SU,SCH07,PRG0702,true,true,6.0,Enrolled
ENR000584,STU00129,2024FA,SCH07,PRG0703,true,true,6.0,Enrolled
ENR000585,STU00129,2025FA,SCH07,PRG0703,true,true,6.0,Enrolled
ENR000586,STU00129,2025SU,SCH07,PRG0703,true,true,6.0,Enrolled
ENR000587,STU00129,2025WI,SCH07,PRG0703,true,true,6.0,Enrolled
ENR000588,STU00129,2026SU,SCH07,PRG0703,true,true,3.0,Enrolled
ENR000589,STU00129,2026WI,SCH07,PRG0703,true,true,6.0,Enrolled
ENR000590,STU00130,2024FA,SCH08,PRG0801,true,true,6.0,Enrolled
ENR000591,STU00130,2025FA,SCH08,PRG0801,true,true,6.0,Enrolled
ENR000592,STU00130,2025SU,SCH08,PRG0801,true,true,6.0,Enrolled
ENR000593,STU00130,2026SU,SCH08,PRG0801,true,true,6.0,Enrolled
ENR000594,STU00131,2024FA,SCH08,PRG0802,true,true,6.0,Enrolled
ENR000595,STU00131,2025FA,SCH08,PRG0802,true,true,6.0,Enrolled
ENR000596,STU00131,2025SU,SCH08,PRG0802,true,true,6.0,Enrolled
ENR000597,STU00131,2025WI,SCH08,PRG0802,true,true,6.0,Enrolled
ENR000598,STU00131,2026SU,SCH08,PRG0802,true,true,6.0,Enrolled
ENR000599,STU00131,2026WI,SCH08,PRG0802,true,true,6.0,Enrolled
ENR000600,STU00132,2024FA,SCH08,PRG0803,true,true,6.0,Enrolled
ENR000601,STU00132,2025FA,SCH08,PRG0803,true,true,6.0,Enrolled
ENR000602,STU00132,2025SU,SCH08,PRG0803,true,true,6.0,Enrolled
ENR000603,STU00132,2025WI,SCH08,PRG0803,true,true,6.0,Enrolled
ENR000604,STU00132,2026SU,SCH08,PRG0803,true,true,6.0,Enrolled
ENR000605,STU00132,2026WI,SCH08,PRG0803,true,true,6.0,Enrolled
ENR000606,STU00133,2024FA,SCH09,PRG0901,true,true,6.0,Enrolled
ENR000607,STU00133,2025FA,SCH09,PRG0901,true,true,6.0,Enrolled
ENR000608,STU00133,2025SU,SCH09,PRG0901,true,true,6.0,Enrolled
ENR000609,STU00133,2026SU,SCH09,PRG0901,true,true,6.0,Enrolled
ENR000610,STU00133,2026WI,SCH09,PRG0901,true,true,6.0,Enrolled
ENR000611,STU00134,2025FA,SCH09,PRG0902,true,true,6.0,Enrolled
ENR000612,STU00134,2025SU,SCH09,PRG0902,true,true,3.0,Enrolled
ENR000613,STU00134,2025WI,SCH09,PRG0902,true,true,6.0,Enrolled
ENR000614,STU00135,2024FA,SCH09,PRG0903,true,true,6.0,Enrolled
ENR000615,STU00135,2025FA,SCH09,PRG0903,true,true,6.0,Enrolled
ENR000616,STU00135,2025WI,SCH09,PRG0903,true,true,6.0,Enrolled
ENR000617,STU00135,2026WI,SCH09,PRG0903,true,true,6.0,Enrolled
ENR000618,STU00136,2025FA,SCH10,PRG1001,true,true,6.0,Enrolled
ENR000619,STU00136,2025SU,SCH10,PRG1001,true,true,3.0,Enrolled
ENR000620,STU00136,2026SU,SCH10,PRG1001,true,true,6.0,Enrolled
ENR000621,STU00136,2026WI,SCH10,PRG1001,true,true,6.0,Enrolled
ENR000622,STU00137,2025SU,SCH10,PRG1002,true,true,3.0,Enrolled
ENR000623,STU00137,2025WI,SCH10,PRG1002,true,true,6.0,Enrolled
ENR000624,STU00137,2026WI,SCH10,PRG1002,true,true,6.0,Enrolled
ENR000625,STU00138,2025FA,SCH10,PRG1003,true,true,6.0,Enrolled
ENR000626,STU00138,2025WI,SCH10,PRG1003,true,true,6.0,Enrolled
ENR000627,STU00138,2026WI,SCH10,PRG1003,true,true,6.0,Enrolled
ENR000628,STU00139,2024FA,SCH11,PRG1101,true,true,6.0,Enrolled
ENR000629,STU00139,2025FA,SCH11,PRG1101,true,true,6.0,Enrolled
ENR000630,STU00139,2025SU,SCH11,PRG1101,true,true,6.0,Enrolled
ENR000631,STU00139,2025WI,SCH11,PRG1101,true,true,6.0,Enrolled
ENR000632,STU00139,2026SU,SCH11,PRG1101,true,true,6.0,Enrolled
ENR000633,STU00140,2024FA,SCH11,PRG1102,true,true,6.0,Enrolled
ENR000634,STU00140,2025FA,SCH11,PRG1102,true,true,6.0,Enrolled
ENR000635,STU00140,2026SU,SCH11,PRG1102,true,true,6.0,Enrolled
ENR000636,STU00140,2026WI,SCH11,PRG1102,true,true,6.0,Enrolled
ENR000637,STU00141,2024FA,SCH11,PRG1103,true,true,3.0,Enrolled
ENR000638,STU00141,2025FA,SCH11,PRG1103,true,true,6.0,Enrolled
ENR000639,STU00141,2025WI,SCH11,PRG1103,true,true,6.0,Enrolled
ENR000640,STU00141,2026SU,SCH11,PRG1103,true,true,6.0,Enrolled
ENR000641,STU00141,2026WI,SCH11,PRG1103,true,true,6.0,Enrolled
ENR000642,STU00142,2024FA,SCH12,PRG1201,true,true,6.0,Enrolled
ENR000643,STU00142,2025FA,SCH12,PRG1201,true,true,6.0,Enrolled
ENR000644,STU00142,2025SU,SCH12,PRG1201,true,true,6.0,Enrolled
ENR000645,STU00142,2025WI,SCH12,PRG1201,true,true,6.0,Enrolled
ENR000646,STU00142,2026WI,SCH12,PRG1201,true,true,3.0,Enrolled
ENR000647,STU00143,2024FA,SCH12,PRG1202,true,true,6.0,Enrolled
ENR000648,STU00143,2025FA,SCH12,PRG1202,true,true,6.0,Enrolled
ENR000649,STU00143,2025SU,SCH12,PRG1202,true,true,3.0,Enrolled
ENR000650,STU00143,2026SU,SCH12,PRG1202,true,true,6.0,Enrolled
ENR000651,STU00143,2026WI,SCH12,PRG1202,true,true,6.0,Enrolled
ENR000652,STU00144,2024FA,SCH12,PRG1203,true,true,6.0,Enrolled
ENR000653,STU00144,2025FA,SCH12,PRG1203,true,true,6.0,Enrolled
ENR000654,STU00144,2025WI,SCH12,PRG1203,true,true,6.0,Enrolled
ENR000655,STU00144,2026WI,SCH12,PRG1203,true,true,6.0,Enrolled
ENR000656,STU00145,2024FA,SCH01,PRG0101,true,true,6.0,Enrolled
ENR000657,STU00145,2025FA,SCH01,PRG0101,true,true,6.0,Enrolled
ENR000658,STU00145,2026SU,SCH01,PRG0101,true,true,6.0,Enrolled
ENR000659,STU00146,2024FA,SCH01,PRG0102,true,true,6.0,Enrolled
ENR000660,STU00146,2025FA,SCH01,PRG0102,true,true,6.0,Enrolled
ENR000661,STU00146,2025SU,SCH01,PRG0102,true,true,6.0,Enrolled
ENR000662,STU00146,2025WI,SCH01,PRG0102,true,true,6.0,Enrolled
ENR000663,STU00146,2026SU,SCH01,PRG0102,true,true,6.0,Enrolled
ENR000664,STU00146,2026WI,SCH01,PRG0102,true,true,6.0,Enrolled
ENR000665,STU00147,2024FA,SCH01,PRG0103,true,true,6.0,Enrolled
ENR000666,STU00147,2025WI,SCH01,PRG0103,true,true,6.0,Enrolled
ENR000667,STU00147,2026SU,SCH01,PRG0103,true,true,6.0,Enrolled
ENR000668,STU00148,2024FA,SCH02,PRG0201,true,true,6.0,Enrolled
ENR000669,STU00148,2025FA,SCH02,PRG0201,true,true,6.0,Enrolled
ENR000670,STU00148,2025SU,SCH02,PRG0201,true,true,6.0,Enrolled
ENR000671,STU00148,2026SU,SCH02,PRG0201,true,true,6.0,Enrolled
ENR000672,STU00148,2026WI,SCH02,PRG0201,true,true,3.0,Enrolled
ENR000673,STU00149,2024FA,SCH02,PRG0202,true,true,6.0,Enrolled
ENR000674,STU00149,2025SU,SCH02,PRG0202,true,true,6.0,Enrolled
ENR000675,STU00149,2025WI,SCH02,PRG0202,true,true,6.0,Enrolled
ENR000676,STU00149,2026SU,SCH02,PRG0202,true,true,6.0,Enrolled
ENR000677,STU00150,2024FA,SCH02,PRG0203,true,true,6.0,Enrolled
ENR000678,STU00150,2025FA,SCH02,PRG0203,true,true,6.0,Enrolled
ENR000679,STU00150,2025SU,SCH02,PRG0203,true,true,6.0,Enrolled
ENR000680,STU00150,2026SU,SCH02,PRG0203,true,true,6.0,Enrolled
ENR000681,STU00151,2025FA,SCH03,PRG0301,true,true,6.0,Enrolled
ENR000682,STU00151,2026SU,SCH03,PRG0301,true,true,3.0,Enrolled
ENR000683,STU00151,2026WI,SCH03,PRG0301,true,true,6.0,Enrolled
ENR000684,STU00152,2024FA,SCH03,PRG0302,true,true,6.0,Enrolled
ENR000685,STU00152,2025FA,SCH03,PRG0302,true,true,6.0,Enrolled
ENR000686,STU00152,2025SU,SCH03,PRG0302,true,true,6.0,Enrolled
ENR000687,STU00152,2026SU,SCH03,PRG0302,true,true,6.0,Enrolled
ENR000688,STU00152,2026WI,SCH03,PRG0302,true,true,6.0,Enrolled
ENR000689,STU00153,2024FA,SCH03,PRG0303,true,true,6.0,Enrolled
ENR000690,STU00153,2025FA,SCH03,PRG0303,true,true,6.0,Enrolled
ENR000691,STU00153,2025SU,SCH03,PRG0303,true,true,6.0,Enrolled
ENR000692,STU00153,2025WI,SCH03,PRG0303,true,true,6.0,Enrolled
ENR000693,STU00153,2026SU,SCH03,PRG0303,true,true,6.0,Enrolled
ENR000694,STU00153,2026WI,SCH03,PRG0303,true,true,6.0,Enrolled
ENR000695,STU00154,2025SU,SCH04,PRG0401,true,true,6.0,Enrolled
ENR000696,STU00154,2025WI,SCH04,PRG0401,true,true,3.0,Enrolled
ENR000697,STU00154,2026SU,SCH04,PRG0401,true,true,6.0,Enrolled
ENR000698,STU00154,2026WI,SCH04,PRG0401,true,true,6.0,Enrolled
ENR000699,STU00155,2024FA,SCH04,PRG0402,true,true,6.0,Enrolled
ENR000700,STU00155,2025FA,SCH04,PRG0402,true,true,6.0,Enrolled
ENR000701,STU00155,2025SU,SCH04,PRG0402,true,true,6.0,Enrolled
ENR000702,STU00156,2024FA,SCH04,PRG0403,true,true,6.0,Enrolled
ENR000703,STU00156,2025FA,SCH04,PRG0403,true,true,6.0,Enrolled
ENR000704,STU00156,2025SU,SCH04,PRG0403,true,true,6.0,Enrolled
ENR000705,STU00156,2025WI,SCH04,PRG0403,true,true,3.0,Enrolled
ENR000706,STU00157,2024FA,SCH05,PRG0501,true,true,6.0,Enrolled
ENR000707,STU00157,2025WI,SCH05,PRG0501,true,true,6.0,Enrolled
ENR000708,STU00157,2026WI,SCH05,PRG0501,true,true,6.0,Enrolled
ENR000709,STU00158,2024FA,SCH05,PRG0502,true,true,6.0,Enrolled
ENR000710,STU00158,2025FA,SCH05,PRG0502,true,true,6.0,Enrolled
ENR000711,STU00158,2025SU,SCH05,PRG0502,true,true,6.0,Enrolled
ENR000712,STU00158,2025WI,SCH05,PRG0502,true,true,6.0,Enrolled
ENR000713,STU00158,2026WI,SCH05,PRG0502,true,true,6.0,Enrolled
ENR000714,STU00159,2025SU,SCH05,PRG0503,true,true,6.0,Enrolled
ENR000715,STU00159,2025WI,SCH05,PRG0503,true,true,6.0,Enrolled
ENR000716,STU00159,2026SU,SCH05,PRG0503,true,true,6.0,Enrolled
ENR000717,STU00159,2026WI,SCH05,PRG0503,true,true,6.0,Enrolled
ENR000718,STU00160,2025FA,SCH06,PRG0601,true,true,6.0,Enrolled
ENR000719,STU00160,2025SU,SCH06,PRG0601,true,true,6.0,Enrolled
ENR000720,STU00160,2025WI,SCH06,PRG0601,true,true,6.0,Enrolled
ENR000721,STU00160,2026SU,SCH06,PRG0601,true,true,3.0,Enrolled
ENR000722,STU00160,2026WI,SCH06,PRG0601,true,true,6.0,Enrolled
ENR000723,STU00161,2024FA,SCH06,PRG0602,true,true,6.0,Enrolled
ENR000724,STU00161,2025FA,SCH06,PRG0602,true,true,6.0,Enrolled
ENR000725,STU00161,2026SU,SCH06,PRG0602,true,true,6.0,Enrolled
ENR000726,STU00162,2024FA,SCH06,PRG0603,true,true,6.0,Enrolled
ENR000727,STU00162,2025FA,SCH06,PRG0603,true,true,6.0,Enrolled
ENR000728,STU00162,2025SU,SCH06,PRG0603,true,true,6.0,Enrolled
ENR000729,STU00162,2025WI,SCH06,PRG0603,true,true,6.0,Enrolled
ENR000730,STU00162,2026SU,SCH06,PRG0603,true,true,3.0,Enrolled
ENR000731,STU00162,2026WI,SCH06,PRG0603,true,true,6.0,Enrolled
ENR000732,STU00163,2024FA,SCH07,PRG0701,true,true,6.0,Enrolled
ENR000733,STU00163,2025FA,SCH07,PRG0701,true,true,6.0,Enrolled
ENR000734,STU00163,2025SU,SCH07,PRG0701,true,true,6.0,Enrolled
ENR000735,STU00163,2025WI,SCH07,PRG0701,true,true,6.0,Enrolled
ENR000736,STU00163,2026SU,SCH07,PRG0701,true,true,6.0,Enrolled
ENR000737,STU00163,2026WI,SCH07,PRG0701,true,true,6.0,Enrolled
ENR000738,STU00164,2024FA,SCH07,PRG0702,true,true,6.0,Enrolled
ENR000739,STU00164,2025FA,SCH07,PRG0702,true,true,6.0,Enrolled
ENR000740,STU00164,2025SU,SCH07,PRG0702,true,true,6.0,Enrolled
ENR000741,STU00164,2025WI,SCH07,PRG0702,true,true,6.0,Enrolled
ENR000742,STU00164,2026SU,SCH07,PRG0702,true,true,6.0,Enrolled
ENR000743,STU00164,2026WI,SCH07,PRG0702,true,true,6.0,Enrolled
ENR000744,STU00165,2024FA,SCH07,PRG0703,true,true,6.0,Enrolled
ENR000745,STU00165,2025FA,SCH07,PRG0703,true,true,6.0,Enrolled
ENR000746,STU00165,2025SU,SCH07,PRG0703,true,true,6.0,Enrolled
ENR000747,STU00165,2026SU,SCH07,PRG0703,true,true,6.0,Enrolled
ENR000748,STU00166,2025FA,SCH08,PRG0801,true,true,6.0,Enrolled
ENR000749,STU00166,2025SU,SCH08,PRG0801,true,true,6.0,Enrolled
ENR000750,STU00166,2025WI,SCH08,PRG0801,true,true,6.0,Enrolled
ENR000751,STU00167,2025SU,SCH08,PRG0802,true,true,6.0,Enrolled
ENR000752,STU00167,2026SU,SCH08,PRG0802,true,true,6.0,Enrolled
ENR000753,STU00167,2026WI,SCH08,PRG0802,true,true,6.0,Enrolled
ENR000754,STU00168,2024FA,SCH08,PRG0803,true,true,6.0,Enrolled
ENR000755,STU00168,2025FA,SCH08,PRG0803,true,true,6.0,Enrolled
ENR000756,STU00168,2025SU,SCH08,PRG0803,true,true,6.0,Enrolled
ENR000757,STU00168,2025WI,SCH08,PRG0803,true,true,3.0,Enrolled
ENR000758,STU00168,2026SU,SCH08,PRG0803,true,true,6.0,Enrolled
ENR000759,STU00168,2026WI,SCH08,PRG0803,true,true,6.0,Enrolled
ENR000760,STU00169,2024FA,SCH09,PRG0901,true,true,6.0,Enrolled
ENR000761,STU00169,2025FA,SCH09,PRG0901,true,true,6.0,Enrolled
ENR000762,STU00169,2025SU,SCH09,PRG0901,false,false,0.0,Not Enrolled
ENR000763,STU00169,2025WI,SCH09,PRG0901,true,true,6.0,Enrolled
ENR000764,STU00169,2026SU,SCH09,PRG0901,true,true,6.0,Enrolled
ENR000765,STU00170,2024FA,SCH09,PRG0902,true,true,6.0,Enrolled
ENR000766,STU00170,2025FA,SCH09,PRG0902,true,true,6.0,Enrolled
ENR000767,STU00170,2025SU,SCH09,PRG0902,true,true,6.0,Enrolled
ENR000768,STU00170,2026WI,SCH09,PRG0902,true,true,6.0,Enrolled
ENR000769,STU00171,2024FA,SCH09,PRG0903,true,true,6.0,Enrolled
ENR000770,STU00171,2025FA,SCH09,PRG0903,true,true,6.0,Enrolled
ENR000771,STU00171,2025SU,SCH09,PRG0903,true,true,6.0,Enrolled
ENR000772,STU00171,2025WI,SCH09,PRG0903,true,true,3.0,Enrolled
ENR000773,STU00171,2026SU,SCH09,PRG0903,true,true,6.0,Enrolled
ENR000774,STU00171,2026WI,SCH09,PRG0903,true,true,6.0,Enrolled
ENR000775,STU00172,2024FA,SCH10,PRG1001,true,true,6.0,Enrolled
ENR000776,STU00172,2025FA,SCH10,PRG1001,true,true,3.0,Enrolled
ENR000777,STU00172,2025SU,SCH10,PRG1001,true,true,6.0,Enrolled
ENR000778,STU00172,2025WI,SCH10,PRG1001,true,true,6.0,Enrolled
ENR000779,STU00172,2026SU,SCH10,PRG1001,true,true,6.0,Enrolled
ENR000780,STU00172,2026WI,SCH10,PRG1001,true,true,6.0,Enrolled
ENR000781,STU00173,2024FA,SCH10,PRG1002,true,true,6.0,Enrolled
ENR000782,STU00173,2025FA,SCH10,PRG1002,true,true,3.0,Enrolled
ENR000783,STU00173,2026WI,SCH10,PRG1002,true,true,6.0,Enrolled
ENR000784,STU00174,2024FA,SCH10,PRG1003,true,true,6.0,Enrolled
ENR000785,STU00174,2025FA,SCH10,PRG1003,true,true,6.0,Enrolled
ENR000786,STU00174,2025SU,SCH10,PRG1003,true,true,6.0,Enrolled
ENR000787,STU00174,2025WI,SCH10,PRG1003,true,true,3.0,Enrolled
ENR000788,STU00174,2026SU,SCH10,PRG1003,true,true,6.0,Enrolled
ENR000789,STU00174,2026WI,SCH10,PRG1003,true,true,6.0,Enrolled
ENR000790,STU00175,2024FA,SCH11,PRG1101,true,true,6.0,Enrolled
ENR000791,STU00175,2025WI,SCH11,PRG1101,true,true,6.0,Enrolled
ENR000792,STU00175,2026SU,SCH11,PRG1101,true,true,6.0,Enrolled
ENR000793,STU00176,2024FA,SCH11,PRG1102,true,true,6.0,Enrolled
ENR000794,STU00176,2025FA,SCH11,PRG1102,true,true,6.0,Enrolled
ENR000795,STU00176,2025SU,SCH11,PRG1102,true,true,6.0,Enrolled
ENR000796,STU00176,2025WI,SCH11,PRG1102,true,true,3.0,Enrolled
ENR000797,STU00176,2026WI,SCH11,PRG1102,true,true,6.0,Enrolled
ENR000798,STU00177,2024FA,SCH11,PRG1103,true,true,6.0,Enrolled
ENR000799,STU00177,2025SU,SCH11,PRG1103,true,true,6.0,Enrolled
ENR000800,STU00177,2025WI,SCH11,PRG1103,true,true,6.0,Enrolled
ENR000801,STU00177,2026SU,SCH11,PRG1103,true,true,6.0,Enrolled
ENR000802,STU00177,2026WI,SCH11,PRG1103,true,true,6.0,Enrolled
ENR000803,STU00178,2024FA,SCH12,PRG1201,true,true,6.0,Enrolled
ENR000804,STU00178,2025FA,SCH12,PRG1201,true,true,6.0,Enrolled
ENR000805,STU00178,2025SU,SCH12,PRG1201,true,true,6.0,Enrolled
ENR000806,STU00178,2025WI,SCH12,PRG1201,true,true,6.0,Enrolled
ENR000807,STU00178,2026SU,SCH12,PRG1201,true,true,3.0,Enrolled
ENR000808,STU00178,2026WI,SCH12,PRG1201,true,true,6.0,Enrolled
ENR000809,STU00179,2024FA,SCH12,PRG1202,true,true,6.0,Enrolled
ENR000810,STU00179,2025FA,SCH12,PRG1202,true,true,6.0,Enrolled
ENR000811,STU00179,2025SU,SCH12,PRG1202,true,true,3.0,Enrolled
ENR000812,STU00179,2025WI,SCH12,PRG1202,true,true,6.0,Enrolled
ENR000813,STU00179,2026WI,SCH12,PRG1202,true,true,6.0,Enrolled
ENR000814,STU00180,2024FA,SCH12,PRG1203,true,true,6.0,Enrolled
ENR000815,STU00180,2025FA,SCH12,PRG1203,true,true,6.0,Enrolled
ENR000816,STU00180,2025WI,SCH12,PRG1203,true,true,6.0,Enrolled
ENR000817,STU00181,2024FA,SCH01,PRG0101,true,true,6.0,Enrolled
ENR000818,STU00181,2025WI,SCH01,PRG0101,true,true,6.0,Enrolled
ENR000819,STU00181,2026SU,SCH01,PRG0101,true,true,6.0,Enrolled
ENR000820,STU00181,2026WI,SCH01,PRG0101,true,true,6.0,Enrolled
ENR000821,STU00182,2024FA,SCH01,PRG0102,true,true,6.0,Enrolled
ENR000822,STU00182,2025FA,SCH01,PRG0102,true,true,6.0,Enrolled
ENR000823,STU00182,2025SU,SCH01,PRG0102,true,true,6.0,Enrolled
ENR000824,STU00182,2025WI,SCH01,PRG0102,true,true,6.0,Enrolled
ENR000825,STU00182,2026SU,SCH01,PRG0102,true,true,6.0,Enrolled
ENR000826,STU00182,2026WI,SCH01,PRG0102,true,true,6.0,Enrolled
ENR000827,STU00183,2024FA,SCH01,PRG0103,true,true,6.0,Enrolled
ENR000828,STU00183,2025FA,SCH01,PRG0103,true,true,6.0,Enrolled
ENR000829,STU00183,2025SU,SCH01,PRG0103,true,true,3.0,Enrolled
ENR000830,STU00183,2026SU,SCH01,PRG0103,true,true,3.0,Enrolled
ENR000831,STU00184,2024FA,SCH02,PRG0201,true,true,6.0,Enrolled
ENR000832,STU00184,2025FA,SCH02,PRG0201,true,true,6.0,Enrolled
ENR000833,STU00184,2025SU,SCH02,PRG0201,true,true,6.0,Enrolled
ENR000834,STU00184,2026SU,SCH02,PRG0201,true,true,6.0,Enrolled
ENR000835,STU00184,2026WI,SCH02,PRG0201,true,true,6.0,Enrolled
ENR000836,STU00185,2025FA,SCH02,PRG0202,true,true,6.0,Enrolled
ENR000837,STU00185,2025SU,SCH02,PRG0202,true,true,6.0,Enrolled
ENR000838,STU00185,2025WI,SCH02,PRG0202,true,true,6.0,Enrolled
ENR000839,STU00185,2026WI,SCH02,PRG0202,true,true,6.0,Enrolled
ENR000840,STU00186,2024FA,SCH02,PRG0203,true,true,6.0,Enrolled
ENR000841,STU00186,2025FA,SCH02,PRG0203,true,true,6.0,Enrolled
ENR000842,STU00186,2025SU,SCH02,PRG0203,true,true,6.0,Enrolled
ENR000843,STU00186,2025WI,SCH02,PRG0203,true,true,6.0,Enrolled
ENR000844,STU00186,2026SU,SCH02,PRG0203,true,true,6.0,Enrolled
ENR000845,STU00186,2026WI,SCH02,PRG0203,true,true,6.0,Enrolled
ENR000846,STU00187,2024FA,SCH03,PRG0301,true,true,6.0,Enrolled
ENR000847,STU00187,2025FA,SCH03,PRG0301,true,true,6.0,Enrolled
ENR000848,STU00187,2025WI,SCH03,PRG0301,true,true,6.0,Enrolled
ENR000849,STU00187,2026SU,SCH03,PRG0301,true,true,6.0,Enrolled
ENR000850,STU00188,2024FA,SCH03,PRG0302,true,true,6.0,Enrolled
ENR000851,STU00188,2025FA,SCH03,PRG0302,true,true,6.0,Enrolled
ENR000852,STU00188,2025SU,SCH03,PRG0302,true,true,3.0,Enrolled
ENR000853,STU00188,2025WI,SCH03,PRG0302,true,true,6.0,Enrolled
ENR000854,STU00189,2024FA,SCH03,PRG0303,true,true,3.0,Enrolled
ENR000855,STU00189,2025FA,SCH03,PRG0303,true,true,3.0,Enrolled
ENR000856,STU00189,2025SU,SCH03,PRG0303,true,true,6.0,Enrolled
ENR000857,STU00189,2025WI,SCH03,PRG0303,true,true,6.0,Enrolled
ENR000858,STU00189,2026SU,SCH03,PRG0303,true,true,6.0,Enrolled
ENR000859,STU00189,2026WI,SCH03,PRG0303,true,true,6.0,Enrolled
ENR000860,STU00190,2025FA,SCH04,PRG0401,true,true,6.0,Enrolled
ENR000861,STU00190,2025SU,SCH04,PRG0401,true,true,6.0,Enrolled
ENR000862,STU00190,2026SU,SCH04,PRG0401,true,true,6.0,Enrolled
ENR000863,STU00191,2025FA,SCH04,PRG0402,true,true,6.0,Enrolled
ENR000864,STU00191,2025SU,SCH04,PRG0402,true,true,3.0,Enrolled
ENR000865,STU00191,2026SU,SCH04,PRG0402,true,true,6.0,Enrolled
ENR000866,STU00192,2024FA,SCH04,PRG0403,true,true,6.0,Enrolled
ENR000867,STU00192,2025FA,SCH04,PRG0403,true,true,3.0,Enrolled
ENR000868,STU00192,2025SU,SCH04,PRG0403,true,true,6.0,Enrolled
ENR000869,STU00192,2025WI,SCH04,PRG0403,true,true,6.0,Enrolled
ENR000870,STU00192,2026SU,SCH04,PRG0403,true,true,6.0,Enrolled
ENR000871,STU00193,2024FA,SCH05,PRG0501,true,true,3.0,Enrolled
ENR000872,STU00193,2025SU,SCH05,PRG0501,true,true,6.0,Enrolled
ENR000873,STU00193,2025WI,SCH05,PRG0501,true,true,6.0,Enrolled
ENR000874,STU00194,2024FA,SCH05,PRG0502,true,true,3.0,Enrolled
ENR000875,STU00194,2025FA,SCH05,PRG0502,true,true,6.0,Enrolled
ENR000876,STU00194,2025WI,SCH05,PRG0502,true,true,6.0,Enrolled
ENR000877,STU00195,2024FA,SCH05,PRG0503,true,true,6.0,Enrolled
ENR000878,STU00195,2025FA,SCH05,PRG0503,true,true,6.0,Enrolled
ENR000879,STU00195,2025SU,SCH05,PRG0503,true,true,6.0,Enrolled
ENR000880,STU00195,2025WI,SCH05,PRG0503,true,true,6.0,Enrolled
ENR000881,STU00195,2026SU,SCH05,PRG0503,true,true,6.0,Enrolled
ENR000882,STU00195,2026WI,SCH05,PRG0503,true,true,6.0,Enrolled
ENR000883,STU00196,2025FA,SCH06,PRG0601,true,true,6.0,Enrolled
ENR000884,STU00196,2026SU,SCH06,PRG0601,true,true,6.0,Enrolled
ENR000885,STU00196,2026WI,SCH06,PRG0601,true,true,6.0,Enrolled
ENR000886,STU00197,2025SU,SCH06,PRG0602,true,true,6.0,Enrolled
ENR000887,STU00197,2025WI,SCH06,PRG0602,true,true,6.0,Enrolled
ENR000888,STU00197,2026SU,SCH06,PRG0602,true,true,6.0,Enrolled
ENR000889,STU00198,2025FA,SCH06,PRG0603,true,true,3.0,Enrolled
ENR000890,STU00198,2025WI,SCH06,PRG0603,true,true,3.0,Enrolled
ENR000891,STU00198,2026SU,SCH06,PRG0603,true,true,6.0,Enrolled
ENR000892,STU00199,2024FA,SCH07,PRG0701,true,true,3.0,Enrolled
ENR000893,STU00199,2025FA,SCH07,PRG0701,true,true,6.0,Enrolled
ENR000894,STU00199,2025SU,SCH07,PRG0701,true,true,3.0,Enrolled
ENR000895,STU00199,2025WI,SCH07,PRG0701,true,true,6.0,Enrolled
ENR000896,STU00199,2026SU,SCH07,PRG0701,true,true,6.0,Enrolled
ENR000897,STU00199,2026WI,SCH07,PRG0701,true,true,6.0,Enrolled
ENR000898,STU00200,2025FA,SCH07,PRG0702,true,true,6.0,Enrolled
ENR000899,STU00200,2025WI,SCH07,PRG0702,true,true,6.0,Enrolled
ENR000900,STU00200,2026SU,SCH07,PRG0702,true,true,6.0,Enrolled
ENR000901,STU00201,2024FA,SCH07,PRG0703,true,true,6.0,Enrolled
ENR000902,STU00201,2025WI,SCH07,PRG0703,true,true,6.0,Enrolled
ENR000903,STU00201,2026SU,SCH07,PRG0703,true,true,6.0,Enrolled
ENR000904,STU00201,2026WI,SCH07,PRG0703,true,true,6.0,Enrolled
ENR000905,STU00202,2024FA,SCH08,PRG0801,true,true,6.0,Enrolled
ENR000906,STU00202,2025FA,SCH08,PRG0801,true,true,6.0,Enrolled
ENR000907,STU00202,2025WI,SCH08,PRG0801,true,true,6.0,Enrolled
ENR000908,STU00202,2026WI,SCH08,PRG0801,true,true,6.0,Enrolled
ENR000909,STU00203,2024FA,SCH08,PRG0802,true,true,6.0,Enrolled
ENR000910,STU00203,2025FA,SCH08,PRG0802,true,true,6.0,Enrolled
ENR000911,STU00203,2025SU,SCH08,PRG0802,true,true,6.0,Enrolled
ENR000912,STU00203,2025WI,SCH08,PRG0802,true,true,6.0,Enrolled
ENR000913,STU00203,2026SU,SCH08,PRG0802,true,true,6.0,Enrolled
ENR000914,STU00204,2024FA,SCH08,PRG0803,true,true,6.0,Enrolled
ENR000915,STU00204,2025WI,SCH08,PRG0803,true,true,6.0,Enrolled
ENR000916,STU00204,2026SU,SCH08,PRG0803,true,true,3.0,Enrolled
ENR000917,STU00204,2026WI,SCH08,PRG0803,true,true,6.0,Enrolled
ENR000918,STU00205,2024FA,SCH09,PRG0901,true,true,6.0,Enrolled
ENR000919,STU00205,2025FA,SCH09,PRG0901,true,true,6.0,Enrolled
ENR000920,STU00205,2025SU,SCH09,PRG0901,true,true,6.0,Enrolled
ENR000921,STU00205,2025WI,SCH09,PRG0901,true,true,6.0,Enrolled
ENR000922,STU00205,2026SU,SCH09,PRG0901,true,true,6.0,Enrolled
ENR000923,STU00205,2026WI,SCH09,PRG0901,true,true,3.0,Enrolled
ENR000924,STU00206,2024FA,SCH09,PRG0902,true,true,6.0,Enrolled
ENR000925,STU00206,2025SU,SCH09,PRG0902,true,true,6.0,Enrolled
ENR000926,STU00206,2026WI,SCH09,PRG0902,true,true,6.0,Enrolled
ENR000927,STU00207,2025SU,SCH09,PRG0903,true,true,6.0,Enrolled
ENR000928,STU00207,2026SU,SCH09,PRG0903,true,true,6.0,Enrolled
ENR000929,STU00207,2026WI,SCH09,PRG0903,true,true,6.0,Enrolled
ENR000930,STU00208,2025SU,SCH10,PRG1001,true,true,6.0,Enrolled
ENR000931,STU00208,2025WI,SCH10,PRG1001,true,true,6.0,Enrolled
ENR000932,STU00208,2026WI,SCH10,PRG1001,true,true,6.0,Enrolled
ENR000933,STU00209,2024FA,SCH10,PRG1002,true,true,6.0,Enrolled
ENR000934,STU00209,2025FA,SCH10,PRG1002,true,true,3.0,Enrolled
ENR000935,STU00209,2025SU,SCH10,PRG1002,true,true,6.0,Enrolled
ENR000936,STU00209,2025WI,SCH10,PRG1002,true,true,6.0,Enrolled
ENR000937,STU00209,2026WI,SCH10,PRG1002,true,true,6.0,Enrolled
ENR000938,STU00210,2024FA,SCH10,PRG1003,true,true,6.0,Enrolled
ENR000939,STU00210,2025FA,SCH10,PRG1003,true,true,6.0,Enrolled
ENR000940,STU00210,2025WI,SCH10,PRG1003,true,true,6.0,Enrolled
ENR000941,STU00210,2026SU,SCH10,PRG1003,true,true,6.0,Enrolled
ENR000942,STU00210,2026WI,SCH10,PRG1003,true,true,6.0,Enrolled
ENR000943,STU00211,2024FA,SCH11,PRG1101,true,true,6.0,Enrolled
ENR000944,STU00211,2025FA,SCH11,PRG1101,true,true,6.0,Enrolled
ENR000945,STU00211,2025SU,SCH11,PRG1101,true,true,3.0,Enrolled
ENR000946,STU00211,2025WI,SCH11,PRG1101,true,true,6.0,Enrolled
ENR000947,STU00211,2026SU,SCH11,PRG1101,true,true,6.0,Enrolled
ENR000948,STU00211,2026WI,SCH11,PRG1101,true,true,6.0,Enrolled
ENR000949,STU00212,2025FA,SCH11,PRG1102,true,true,3.0,Enrolled
ENR000950,STU00212,2025SU,SCH11,PRG1102,true,true,6.0,Enrolled
ENR000951,STU00212,2025WI,SCH11,PRG1102,true,true,6.0,Enrolled
ENR000952,STU00213,2025SU,SCH11,PRG1103,true,true,6.0,Enrolled
ENR000953,STU00213,2025WI,SCH11,PRG1103,true,true,3.0,Enrolled
ENR000954,STU00213,2026WI,SCH11,PRG1103,true,true,6.0,Enrolled
ENR000955,STU00214,2024FA,SCH12,PRG1201,true,true,6.0,Enrolled
ENR000956,STU00214,2025SU,SCH12,PRG1201,true,true,6.0,Enrolled
ENR000957,STU00214,2025WI,SCH12,PRG1201,true,true,6.0,Enrolled
ENR000958,STU00214,2026SU,SCH12,PRG1201,true,true,6.0,Enrolled
ENR000959,STU00215,2024FA,SCH12,PRG1202,true,true,6.0,Enrolled
ENR000960,STU00215,2025FA,SCH12,PRG1202,true,true,6.0,Enrolled
ENR000961,STU00215,2026WI,SCH12,PRG1202,true,true,6.0,Enrolled
ENR000962,STU00216,2024FA,SCH12,PRG1203,true,true,6.0,Enrolled
ENR000963,STU00216,2025FA,SCH12,PRG1203,true,true,6.0,Enrolled
ENR000964,STU00216,2025SU,SCH12,PRG1203,true,true,6.0,Enrolled
ENR000965,STU00216,2025WI,SCH12,PRG1203,true,true,6.0,Enrolled
ENR000966,STU00216,2026SU,SCH12,PRG1203,true,true,6.0,Enrolled
ENR000967,STU00216,2026WI,SCH12,PRG1203,true,true,6.0,Enrolled
ENR000968,STU00217,2025FA,SCH01,PRG0101,true,true,6.0,Enrolled
ENR000969,STU00217,2025WI,SCH01,PRG0101,true,true,3.0,Enrolled
ENR000970,STU00217,2026SU,SCH01,PRG0101,true,true,6.0,Enrolled
ENR000971,STU00217,2026WI,SCH01,PRG0101,true,true,6.0,Enrolled
ENR000972,STU00218,2024FA,SCH01,PRG0102,true,true,3.0,Enrolled
ENR000973,STU00218,2025FA,SCH01,PRG0102,true,true,6.0,Enrolled
ENR000974,STU00218,2025SU,SCH01,PRG0102,true,true,6.0,Enrolled
ENR000975,STU00218,2025WI,SCH01,PRG0102,true,true,6.0,Enrolled
ENR000976,STU00218,2026SU,SCH01,PRG0102,true,true,6.0,Enrolled
ENR000977,STU00218,2026WI,SCH01,PRG0102,true,true,6.0,Enrolled
ENR000978,STU00219,2025FA,SCH01,PRG0103,true,true,6.0,Enrolled
ENR000979,STU00219,2025SU,SCH01,PRG0103,true,true,6.0,Enrolled
ENR000980,STU00219,2025WI,SCH01,PRG0103,true,true,6.0,Enrolled
ENR000981,STU00219,2026SU,SCH01,PRG0103,true,true,6.0,Enrolled
ENR000982,STU00220,2024FA,SCH02,PRG0201,true,true,6.0,Enrolled
ENR000983,STU00220,2025FA,SCH02,PRG0201,true,true,3.0,Enrolled
ENR000984,STU00220,2025SU,SCH02,PRG0201,true,true,6.0,Enrolled
ENR000985,STU00220,2025WI,SCH02,PRG0201,true,true,6.0,Enrolled
ENR000986,STU00220,2026SU,SCH02,PRG0201,true,true,6.0,Enrolled
ENR000987,STU00221,2024FA,SCH02,PRG0202,true,true,3.0,Enrolled
ENR000988,STU00221,2025SU,SCH02,PRG0202,true,true,6.0,Enrolled
ENR000989,STU00221,2026SU,SCH02,PRG0202,true,true,6.0,Enrolled
ENR000990,STU00221,2026WI,SCH02,PRG0202,true,true,3.0,Enrolled
ENR000991,STU00222,2024FA,SCH02,PRG0203,true,true,6.0,Enrolled
ENR000992,STU00222,2025FA,SCH02,PRG0203,true,true,6.0,Enrolled
ENR000993,STU00222,2025SU,SCH02,PRG0203,true,true,6.0,Enrolled
ENR000994,STU00223,2025FA,SCH03,PRG0301,true,true,6.0,Enrolled
ENR000995,STU00223,2025SU,SCH03,PRG0301,true,true,6.0,Enrolled
ENR000996,STU00223,2025WI,SCH03,PRG0301,true,true,6.0,Enrolled
ENR000997,STU00223,2026WI,SCH03,PRG0301,true,true,6.0,Enrolled
ENR000998,STU00224,2024FA,SCH03,PRG0302,true,true,6.0,Enrolled
ENR000999,STU00224,2025FA,SCH03,PRG0302,true,true,6.0,Enrolled
ENR001000,STU00224,2025WI,SCH03,PRG0302,true,true,6.0,Enrolled
ENR001001,STU00224,2026SU,SCH03,PRG0302,true,true,6.0,Enrolled
ENR001002,STU00224,2026WI,SCH03,PRG0302,true,true,6.0,Enrolled
ENR001003,STU00225,2025FA,SCH03,PRG0303,true,true,6.0,Enrolled
ENR001004,STU00225,2025WI,SCH03,PRG0303,true,true,3.0,Enrolled
ENR001005,STU00225,2026SU,SCH03,PRG0303,true,true,6.0,Enrolled
ENR001006,STU00226,2025FA,SCH04,PRG0401,true,true,6.0,Enrolled
ENR001007,STU00226,2025WI,SCH04,PRG0401,true,true,6.0,Enrolled
ENR001008,STU00226,2026SU,SCH04,PRG0401,true,true,6.0,Enrolled
ENR001009,STU00226,2026WI,SCH04,PRG0401,true,true,6.0,Enrolled
ENR001010,STU00227,2024FA,SCH04,PRG0402,true,true,6.0,Enrolled
ENR001011,STU00227,2025FA,SCH04,PRG0402,true,true,6.0,Enrolled
ENR001012,STU00227,2025SU,SCH04,PRG0402,true,true,6.0,Enrolled
ENR001013,STU00227,2025WI,SCH04,PRG0402,true,true,6.0,Enrolled
ENR001014,STU00227,2026SU,SCH04,PRG0402,true,true,6.0,Enrolled
ENR001015,STU00227,2026WI,SCH04,PRG0402,true,true,6.0,Enrolled
ENR001016,STU00228,2024FA,SCH04,PRG0403,true,true,6.0,Enrolled
ENR001017,STU00228,2025FA,SCH04,PRG0403,true,true,6.0,Enrolled
ENR001018,STU00228,2025WI,SCH04,PRG0403,true,true,6.0,Enrolled
ENR001019,STU00229,2025FA,SCH05,PRG0501,true,true,6.0,Enrolled
ENR001020,STU00229,2025SU,SCH05,PRG0501,true,true,6.0,Enrolled
ENR001021,STU00229,2025WI,SCH05,PRG0501,true,true,3.0,Enrolled
ENR001022,STU00229,2026WI,SCH05,PRG0501,true,true,6.0,Enrolled
ENR001023,STU00230,2025FA,SCH05,PRG0502,true,true,6.0,Enrolled
ENR001024,STU00230,2025SU,SCH05,PRG0502,true,true,6.0,Enrolled
ENR001025,STU00230,2025WI,SCH05,PRG0502,true,true,6.0,Enrolled
ENR001026,STU00230,2026SU,SCH05,PRG0502,true,true,3.0,Enrolled
ENR001027,STU00230,2026WI,SCH05,PRG0502,true,true,6.0,Enrolled
ENR001028,STU00231,2025FA,SCH05,PRG0503,true,true,6.0,Enrolled
ENR001029,STU00231,2025SU,SCH05,PRG0503,true,true,6.0,Enrolled
ENR001030,STU00231,2026SU,SCH05,PRG0503,true,true,6.0,Enrolled
ENR001031,STU00231,2026WI,SCH05,PRG0503,true,true,6.0,Enrolled
ENR001032,STU00232,2024FA,SCH06,PRG0601,true,true,6.0,Enrolled
ENR001033,STU00232,2025FA,SCH06,PRG0601,true,true,6.0,Enrolled
ENR001034,STU00232,2025SU,SCH06,PRG0601,true,true,6.0,Enrolled
ENR001035,STU00233,2024FA,SCH06,PRG0602,true,true,6.0,Enrolled
ENR001036,STU00233,2025FA,SCH06,PRG0602,true,true,6.0,Enrolled
ENR001037,STU00233,2025WI,SCH06,PRG0602,true,true,6.0,Enrolled
ENR001038,STU00233,2026SU,SCH06,PRG0602,true,true,6.0,Enrolled
ENR001039,STU00234,2024FA,SCH06,PRG0603,true,true,6.0,Enrolled
ENR001040,STU00234,2025FA,SCH06,PRG0603,true,true,6.0,Enrolled
ENR001041,STU00234,2025SU,SCH06,PRG0603,true,true,6.0,Enrolled
ENR001042,STU00234,2025WI,SCH06,PRG0603,true,true,6.0,Enrolled
ENR001043,STU00234,2026SU,SCH06,PRG0603,true,true,6.0,Enrolled
ENR001044,STU00234,2026WI,SCH06,PRG0603,true,true,6.0,Enrolled
ENR001045,STU00235,2024FA,SCH07,PRG0701,true,true,6.0,Enrolled
ENR001046,STU00235,2025FA,SCH07,PRG0701,true,true,6.0,Enrolled
ENR001047,STU00235,2025SU,SCH07,PRG0701,true,true,6.0,Enrolled
ENR001048,STU00235,2025WI,SCH07,PRG0701,true,true,6.0,Enrolled
ENR001049,STU00235,2026WI,SCH07,PRG0701,true,true,6.0,Enrolled
ENR001050,STU00236,2024FA,SCH07,PRG0702,true,true,6.0,Enrolled
ENR001051,STU00236,2025FA,SCH07,PRG0702,true,true,6.0,Enrolled
ENR001052,STU00236,2025SU,SCH07,PRG0702,true,true,6.0,Enrolled
ENR001053,STU00236,2025WI,SCH07,PRG0702,true,true,6.0,Enrolled
ENR001054,STU00237,2024FA,SCH07,PRG0703,true,true,6.0,Enrolled
ENR001055,STU00237,2025FA,SCH07,PRG0703,true,true,6.0,Enrolled
ENR001056,STU00237,2025SU,SCH07,PRG0703,true,true,6.0,Enrolled
ENR001057,STU00237,2025WI,SCH07,PRG0703,true,true,6.0,Enrolled
ENR001058,STU00237,2026SU,SCH07,PRG0703,true,true,6.0,Enrolled
ENR001059,STU00237,2026WI,SCH07,PRG0703,true,true,6.0,Enrolled
ENR001060,STU00238,2024FA,SCH08,PRG0801,true,true,6.0,Enrolled
ENR001061,STU00238,2025FA,SCH08,PRG0801,true,true,6.0,Enrolled
ENR001062,STU00238,2025SU,SCH08,PRG0801,true,true,6.0,Enrolled
ENR001063,STU00238,2025WI,SCH08,PRG0801,true,true,6.0,Enrolled
ENR001064,STU00238,2026SU,SCH08,PRG0801,true,true,6.0,Enrolled
ENR001065,STU00238,2026WI,SCH08,PRG0801,true,true,6.0,Enrolled
ENR001066,STU00239,2025SU,SCH08,PRG0802,true,true,6.0,Enrolled
ENR001067,STU00239,2026SU,SCH08,PRG0802,true,true,6.0,Enrolled
ENR001068,STU00239,2026WI,SCH08,PRG0802,true,true,6.0,Enrolled
ENR001069,STU00240,2024FA,SCH08,PRG0803,true,true,6.0,Enrolled
ENR001070,STU00240,2025FA,SCH08,PRG0803,true,true,6.0,Enrolled
ENR001071,STU00240,2025SU,SCH08,PRG0803,true,true,6.0,Enrolled
ENR001072,STU00240,2025WI,SCH08,PRG0803,true,true,6.0,Enrolled
ENR001073,STU00240,2026SU,SCH08,PRG0803,true,true,6.0,Enrolled
ENR001074,STU00240,2026WI,SCH08,PRG0803,true,true,6.0,Enrolled
